"wife_age","wife_education","husband_education","parity","wife_religion","wife_working","husband_occupation","SOL_index","media_exposure","method","r1","r2","r3"
24,2,3,3,1,1,2,3,0,1,0.9506380497,0.2628696753,0.2178049224
45,1,3,10,1,1,3,4,0,1,0.8539664395,0.9240830605,0.8463552952
43,2,,7,1,1,3,,,1,0.2331546639,0.046071244,0.7163910199
42,3,2,9,1,1,3,3,0,1,0.9919321565,0.5288683248,0.8114862562
36,3,,8,1,1,3,,,1,0.1957420023,0.6868133222,0.3978250415
19,4,,0,1,1,3,,,1,0.18167539,0.6708906734,0.0914050108
38,2,3,6,1,1,3,2,0,1,0.5117034244,0.0831133309,0.3076968255
21,3,3,1,1,0,3,2,0,1,0.8003168315,0.956866269,0.4492773476
27,2,3,3,1,1,3,4,0,1,0.8195498548,0.5480871795,0.5465951904
45,1,1,8,1,1,2,2,1,1,0.4037087287,0.8168108155,0.9439658066
38,1,3,2,1,0,3,3,1,1,0.9774092813,0.0426703207,0.0899630981
42,1,4,4,1,1,1,3,0,1,0.8736504889,0.8965191072,0.741080053
44,4,,1,1,0,1,,,1,0.0452868049,0.3201458484,0.6442077596
42,2,4,1,1,0,3,3,0,1,0.4975593898,0.6354443546,0.1411464937
38,3,,2,1,1,2,,,1,0.1417415324,0.9721126924,0.2561654492
26,2,,0,1,1,4,,,1,0.1481614388,0.0755747725,0.0272645843
48,1,1,7,1,1,2,4,0,1,0.5187623289,0.8534629144,0.6777836139
39,2,,6,1,1,2,,,1,0.277057158,0.4130885775,0.1780418829
37,2,2,8,1,1,2,3,0,1,0.7897137202,0.7623170813,0.6331917595
39,2,,5,1,1,2,,,1,0.171300924,0.317674962,0.4757687074
26,3,4,1,1,0,4,1,0,1,0.3956360372,0.7003647227,0.1618334191
24,3,4,0,1,0,3,1,0,1,0.6023005874,0.1301866281,0.683349978
46,4,4,1,0,1,1,4,0,1,0.9088376103,0.6112381218,0.3899587907
39,4,,1,1,1,1,,,1,0.1513833777,0.3788904629,0.0262662959
48,4,,5,1,1,1,,,1,0.2818772077,0.9041403313,0.1317948183
40,2,4,8,1,1,3,3,0,1,0.3859098402,0.4338391025,0.6414246669
38,4,4,1,1,0,1,4,0,1,0.6944825694,0.7934029874,0.8014548089
29,4,,0,1,0,1,,,1,0.265446616,0.6115209519,0.6608793333
24,4,4,0,1,0,2,2,0,1,0.8448745417,0.8671528692,0.7597045609
43,1,2,8,1,1,2,4,0,1,0.8044033348,0.7958912755,0.021128112
31,3,4,2,1,1,1,4,0,1,0.5826738507,0.9809191427,0.367570128
31,4,4,2,1,1,3,2,0,1,0.6726503343,0.6036391671,0.4642206265
26,2,4,0,1,0,1,2,0,1,0.3634089256,0.0629873197,0.2504672293
33,2,2,2,1,1,3,1,0,1,0.8850353076,0.4968788901,0.3644840286
24,2,3,1,1,1,3,3,0,1,0.3554651506,0.0941461889,0.64890799
42,1,,9,1,1,3,,,1,0.2697702256,0.0617731018,0.9451427632
43,1,2,8,1,0,3,1,0,1,0.9478217247,0.4210349328,0.0244823978
25,3,3,4,1,1,3,2,0,1,0.6528463823,0.8040622043,0.396191579
42,2,,3,1,1,3,,,1,0.1905261442,0.491113364,0.7964783845
28,2,,1,1,1,2,,,1,0.1238977719,0.2259877847,0.2648067368
28,1,1,3,1,1,3,1,0,1,0.9954513451,0.6540416682,0.2711479842
47,2,3,0,1,0,1,3,0,1,0.4065816502,0.0093817329,0.7197885675
48,2,4,2,1,1,1,3,0,1,0.824691438,0.4740502376,0.1174406321
40,4,4,2,0,1,1,4,0,1,0.8853678712,0.1401815699,0.4729841628
28,2,2,1,1,1,3,2,0,1,0.8792665116,0.1217079554,0.1699553477
25,1,4,1,1,1,2,1,0,1,0.921029387,0.2127571018,0.8812873354
32,4,4,2,1,1,2,3,0,1,0.5964888332,0.5880244675,0.8646250506
45,4,4,0,1,1,2,4,0,1,0.8825164921,0.6860157613,0.9413248538
26,4,4,1,1,1,1,4,0,1,0.7040326603,0.9904604466,0.3209350446
26,4,4,0,1,0,1,4,0,1,0.6180662334,0.2716028785,0.2718642984
31,4,4,0,1,0,1,4,0,1,0.3337495617,0.2882725188,0.654589549
49,4,4,7,0,1,2,4,0,1,0.7571106929,0.836311703,0.2940757481
40,3,,8,1,1,3,,,1,0.0869859769,0.1617181954,0.2790612435
34,4,4,1,0,0,2,3,0,1,0.4082972009,0.7572269234,0.0486270022
36,2,4,5,1,1,2,3,0,1,0.3477684131,0.4332587968,0.8418001075
20,2,,2,1,1,2,,,1,0.0473042983,0.9426273587,0.9877825426
43,4,4,5,1,0,1,4,0,1,0.8977179024,0.086092012,0.6442380229
37,3,,7,1,1,2,,,1,0.2149721264,0.7010745205,0.7227992405
21,2,3,0,1,1,3,4,0,1,0.4597045516,0.9236481953,0.5911258341
49,4,4,6,1,1,1,2,0,1,0.3646244208,0.7206408077,0.1410278432
42,3,3,10,1,1,3,3,0,1,0.6789508679,0.3673647886,0.022973883
20,2,3,1,1,1,2,3,0,1,0.373319505,0.7387345488,0.1585477652
47,1,2,2,1,0,1,3,0,1,0.4254438521,0.8024885216,0.1599058118
22,2,,1,1,1,2,,,1,0.1197092622,0.041305264,0.9691715864
27,2,4,1,1,0,1,3,0,1,0.9193083346,0.1321494636,0.9542734828
24,2,,1,1,1,3,,,1,0.1492354125,0.8338207849,0.40580809
44,4,2,8,1,1,3,3,0,1,0.7086927447,0.5846392119,0.4888213624
30,2,3,3,1,1,3,1,0,1,0.3691616218,0.542269226,0.5977409885
23,3,4,2,1,1,3,4,0,1,0.793912338,0.9295027298,0.6445775487
25,4,,1,1,0,3,,,1,0.2336562161,0.6059623545,0.0198009433
47,2,3,4,1,1,2,3,0,1,0.7564133423,0.3248372256,0.9080411382
48,2,3,8,1,1,1,4,0,1,0.5972261781,0.9797332534,0.2601807878
29,2,,1,1,1,1,,,1,0.0824533869,0.8394561554,0.6408104755
29,2,3,1,1,1,1,2,0,1,0.3536146275,0.7604755004,0.1357493643
21,3,,0,1,1,2,,,1,0.2717489466,0.1458035168,0.7919862875
21,3,4,1,1,1,2,3,0,1,0.7767823198,0.5622726062,0.1321330812
29,4,4,0,1,0,2,4,0,1,0.7861045724,0.4581300907,0.6149082555
45,3,4,3,1,1,1,4,0,1,0.5020650991,0.8084008455,0.4381975855
33,2,3,2,1,1,3,2,0,1,0.938530792,0.9226611112,0.7386332018
38,4,4,1,1,0,1,4,0,1,0.7198891191,0.347280828,0.6406869295
24,4,4,0,0,1,1,4,0,1,0.3793274236,0.6130599564,0.5496278808
49,4,4,6,0,0,1,4,0,1,0.4389481696,0.0010621892,0.9104915252
24,2,4,1,1,0,4,4,0,1,0.3434165229,0.8362162126,0.1296577543
28,4,4,0,0,0,1,4,0,1,0.8145996969,0.5902142891,0.9552457556
30,4,4,2,1,1,1,4,0,1,0.8972697141,0.8667773716,0.5674642858
33,4,4,2,1,1,1,4,0,1,0.5163201678,0.4710684765,0.4384626315
25,4,,1,1,1,1,,,1,0.3039472598,0.9580128435,0.5368217498
35,4,4,3,0,1,1,4,0,1,0.7596618099,0.9457556796,0.8611734937
27,2,4,4,1,1,1,4,0,1,0.3510589671,0.9712377698,0.4130530108
24,2,2,3,1,0,2,1,0,1,0.9219214427,0.3837010038,0.5816422829
25,2,,0,1,1,2,,,1,0.0240565473,0.0880061067,0.8829782511
46,2,,6,1,1,1,,,1,0.2695027265,0.3135388113,0.4824369808
26,2,2,3,1,1,2,1,0,1,0.875188698,0.8691983986,0.4236273488
38,2,,1,1,0,3,,,1,0.2792813244,0.4180465096,0.0860179528
47,1,,3,1,1,1,,,1,0.0121709504,0.3355462576,0.2436097643
41,1,3,10,1,1,2,3,1,1,0.7028399155,0.8641181858,0.0846662815
41,2,3,1,1,0,2,3,0,1,0.6404489743,0.5813354946,0.428918659
28,4,4,5,1,1,2,1,0,1,0.3300946929,0.4341675478,0.4757598403
17,2,2,3,1,1,3,1,0,1,0.3383814852,0.2710412942,0.7073968657
27,2,,5,1,1,2,,,1,0.133295328,0.9738989062,0.7040559997
27,1,2,4,1,1,3,1,1,1,0.4994224987,0.1374521941,0.2121117377
19,2,3,0,1,0,2,2,0,1,0.5911077944,0.9146695137,0.4837964836
27,2,4,3,1,0,3,2,0,1,0.9474099418,0.5754289821,0.4834982648
26,4,,4,1,1,2,,,1,0.218444489,0.3601516957,0.0013925238
23,2,,2,1,1,3,,,1,0.1379724667,0.6372348353,0.4010643239
40,3,3,3,1,1,3,2,0,1,0.4159041035,0.6241068107,0.3108001874
22,4,4,0,1,1,1,1,0,1,0.8649278893,0.6251371496,0.1514410224
44,3,,4,1,0,1,,,1,0.0803713072,0.278465463,0.9325523143
29,2,,2,1,1,3,,,1,0.1218501344,0.2365114122,0.1983129947
26,2,3,3,1,1,3,1,0,1,0.3686624446,0.291484208,0.7467808857
45,4,,1,1,0,3,,,1,0.1333922079,0.0666252491,0.7211697827
32,3,,7,1,0,2,,,1,0.1466557757,0.5068254855,0.7852315762
21,4,4,1,1,1,1,4,0,1,0.8051690063,0.645684908,0.883345622
31,2,2,4,1,1,3,3,0,1,0.4949744667,0.613356435,0.0734699085
21,3,4,0,1,1,1,3,0,1,0.4326950677,0.3397360744,0.6182257755
37,4,,1,1,1,1,,,1,0.0374998986,0.2470883891,0.738556058
34,4,4,3,0,0,3,3,0,1,0.8957595452,0.6002024862,0.7470186375
44,3,,1,1,1,1,,,1,0.1027411246,0.321997807,0.2174812095
49,4,3,5,1,1,2,3,0,1,0.7942283679,0.291801307,0.7831397745
26,2,3,2,1,1,3,3,0,1,0.5956455686,0.4252213828,0.1197185955
38,1,,1,1,1,2,,,1,0.2460922078,0.4572993817,0.5978752834
36,2,,5,1,1,2,,,1,0.2591987449,0.6347416484,0.3751564926
26,3,4,2,1,1,3,3,0,1,0.765388219,0.10300856,0.7303600319
20,2,3,1,0,1,3,2,0,1,0.7780329477,0.0909314603,0.3060234246
44,2,,3,1,0,3,,,1,0.1244416559,0.1782137105,0.4230903561
31,3,4,2,1,1,1,2,1,1,0.5881261954,0.6026658111,0.4932489188
45,4,4,1,1,1,1,3,0,1,0.9040997345,0.90999516,0.0815906604
36,2,3,2,1,1,3,2,1,1,0.3510099269,0.0081220977,0.460141645
43,1,,2,1,0,2,,,1,0.2247742551,0.3341604678,0.8493594946
25,3,4,0,1,1,1,3,0,1,0.518522111,0.3223442199,0.8325729677
48,3,,3,1,1,3,,,1,0.3112206819,0.9902900713,0.5858136837
30,4,4,0,0,0,1,3,0,1,0.4989612352,0.3541395196,0.0142912329
48,1,,8,1,1,3,,,1,0.2257651529,0.0300999428,0.5206759789
28,3,4,1,1,1,3,1,1,1,0.4529489625,0.2975907672,0.0573091335
26,4,4,1,1,1,1,3,0,1,0.4470199833,0.4630641674,0.0753949103
26,3,,3,1,0,2,,,1,0.0497082384,0.7822533705,0.3154115972
24,4,4,2,1,1,3,3,0,1,0.6916082928,0.3597538878,0.0674695033
21,3,3,2,1,1,2,2,0,1,0.9294337392,0.3300829895,0.7699002096
30,4,,2,0,1,3,,,1,0.2360693809,0.5540965416,0.8048870465
20,4,,1,1,1,1,,,1,0.0698073628,0.28566401,0.2783401414
33,4,4,2,1,1,1,3,0,1,0.6959863788,0.0261618127,0.12031081
30,4,,0,0,0,3,,,1,0.2784773969,0.1532917144,0.5554548411
47,4,4,1,1,0,1,3,0,1,0.93382787,0.0667967038,0.1995279911
35,4,4,2,0,1,3,3,0,1,0.9314036532,0.2170303595,0.3288646244
30,2,,2,1,1,3,,,1,0.1879289081,0.6887542092,0.6429825526
33,4,,3,1,1,1,,,1,0.2605496926,0.574630121,0.6115031338
45,4,,4,1,1,2,,,1,0.2531076615,0.3702588674,0.9899046663
41,4,,2,1,1,1,,,1,0.1299378742,0.6033638751,0.3673803636
32,4,4,1,1,0,1,3,0,1,0.4660467219,0.9305918878,0.6623003193
43,4,,5,1,1,1,,,1,0.2650396732,0.2668657318,0.222005678
44,4,,3,1,1,2,,,1,0.1843101411,0.612762404,0.5020998435
21,1,3,4,1,1,3,2,0,1,0.42062298,0.6675384621,0.0294810366
44,3,4,2,1,1,1,4,1,1,0.4337885885,0.271775508,0.4107861679
23,4,4,2,1,1,2,4,0,1,0.652327027,0.7552016563,0.6610048821
47,1,2,4,1,1,2,2,0,1,0.3431745504,0.3661344286,0.9901665347
47,1,,7,1,1,2,,,1,0.3107778762,0.7533200042,0.7645041578
35,4,4,2,1,0,2,4,0,1,0.3694633634,0.5130753827,0.5341521755
32,2,4,4,1,1,3,2,0,1,0.946893645,0.3607270254,0.2909959645
45,1,4,5,1,1,1,2,1,1,0.4171352901,0.9654755932,0.2808120969
22,2,2,2,1,1,3,1,0,1,0.5384857424,0.4517763003,0.051997223
23,1,1,3,1,1,2,1,1,1,0.837080256,0.6922514395,0.8581759361
30,4,,0,1,0,1,,,1,0.1868248923,0.0703161257,0.9909488154
44,1,3,0,1,1,2,3,0,1,0.4055119224,0.7398473582,0.6101543687
40,3,,1,1,0,3,,,1,0.2327839449,0.939722483,0.4787078646
34,4,4,4,1,1,2,3,0,1,0.6641384464,0.8951016981,0.0184137249
37,3,4,1,1,1,2,4,0,1,0.8969988585,0.9083398035,0.7052960902
49,3,4,5,1,1,1,4,0,1,0.5100888491,0.1737960685,0.9262263253
26,4,4,1,1,1,1,4,0,1,0.3792451892,0.7781170876,0.7927100411
22,4,4,0,1,1,2,4,0,1,0.6659657087,0.9784846343,0.6600481461
20,3,4,0,1,0,2,4,0,1,0.8712823623,0.3431755413,0.96648301
47,4,4,4,1,1,1,4,0,1,0.3389534402,0.1369012343,0.7536373654
49,2,2,8,1,0,3,1,0,1,0.9347898564,0.9916636357,0.9727558447
22,2,4,1,1,1,2,4,0,1,0.9741383353,0.9085814156,0.014348832
22,3,3,2,1,1,3,4,0,1,0.8009141548,0.2136049761,0.9885690887
25,3,,2,1,1,3,,,1,0.2495915188,0.0852547302,0.8805320123
32,2,,0,1,0,3,,,1,0.1698843567,0.0073348722,0.2478786582
28,4,4,0,0,1,1,3,0,1,0.8661754019,0.7542038941,0.4318236599
30,2,4,4,1,0,1,4,0,1,0.594100653,0.621611514,0.2194884923
45,2,4,2,1,0,2,4,0,1,0.7424413896,0.500108008,0.2357386659
49,2,,10,1,0,2,,,1,0.2121960554,0.9485880472,0.8485011765
34,4,,2,1,0,1,,,1,0.0707243882,0.5195269112,0.075805733
-25,2,4,1,1,1,2,2,0,1,0.502495216,0.000305831,0.3120943342
42,1,,12,1,1,3,,,1,0.2555120351,0.4100373836,0.4701279921
48,2,,3,1,0,4,,,1,0.1602572338,0.3771645964,0.8026118371
35,3,4,5,1,0,2,2,0,1,0.5777209539,0.0732105589,0.7143952333
33,2,3,1,1,1,3,4,0,1,0.3996429021,0.8707736185,0.2213560986
20,2,4,0,1,1,3,2,0,1,0.6129485707,0.6878890105,0.1882531388
36,2,3,4,1,1,3,1,1,1,0.426869923,0.0139161102,0.9283935846
19,3,3,2,1,1,3,2,0,1,0.663432875,0.0544195818,0.6861930102
27,3,2,3,1,1,3,2,0,1,0.9089393583,0.3026693847,0.7145059904
30,1,2,4,1,1,4,1,0,1,0.5619125127,0.5017025203,0.0327351443
31,3,4,3,1,0,3,2,0,1,0.3213527274,0.9394318298,0.8366143111
44,1,1,11,1,1,4,1,1,1,0.4802243437,0.3584969907,0.3877331346
24,3,3,2,1,1,3,3,0,1,0.4511645848,0.157113025,0.7658538859
18,3,4,0,1,0,3,1,0,1,0.892381472,0.0870757336,0.88201397
45,1,2,6,1,1,3,3,1,1,0.8490917114,0.943120229,0.1055218904
25,2,2,3,1,0,3,1,0,1,0.8671132265,0.526210468,0.2118625241
36,3,4,6,1,1,2,4,0,1,0.9530652771,0.8956499192,0.7120149735
30,1,1,5,1,1,2,2,0,1,0.4615800523,0.46460157,0.6929032699
32,2,4,2,1,1,3,3,0,1,0.5386000264,0.5205497432,0.1348584663
42,1,4,11,0,1,2,2,1,1,0.9177536224,0.0859956779,0.3276435115
22,2,,0,1,1,3,,,1,0.1418330866,0.6479279802,0.3686383303
36,2,,2,1,0,2,,,1,0.0048059719,0.7026408928,0.2317013709
27,2,,2,1,1,3,,,1,0.1077744267,0.5316749986,0.1190988664
40,3,4,1,1,1,1,2,0,1,0.3303439418,0.1293653716,0.2215218242
22,2,3,2,1,1,3,1,0,1,0.4968102581,0.4711682324,0.8600201955
26,2,4,0,1,1,3,1,0,1,0.588968904,0.9201605282,0.9522288865
31,3,,0,1,0,2,,,1,0.150302548,0.4167289601,0.031562259
32,4,4,1,1,1,1,4,0,1,0.4786882384,0.0467081554,0.5660031506
34,2,3,3,1,0,3,2,0,1,0.623384977,0.0222921749,0.1244904907
40,3,3,1,0,1,3,4,0,1,0.5728360911,0.5668781197,0.9627543976
45,1,,1,1,0,3,,,1,0.2574037361,0.7987948683,0.9583229301
26,3,,3,1,1,3,,,1,0.2218416879,0.6559461805,0.3501264138
48,1,3,5,1,1,3,2,0,1,0.9755215817,0.0372753171,0.5741017501
43,1,3,8,1,1,3,1,0,1,0.5023282606,0.6302972434,0.5245170777
27,3,4,2,1,0,2,2,0,1,0.6477525964,0.1761159632,0.6114754302
42,3,,1,1,1,3,,,1,0.2749412368,0.8822986357,0.2424624927
34,3,2,8,1,0,2,3,1,1,0.7263284897,0.7011989009,0.1500115656
32,3,,4,1,1,2,,,1,0.0060985424,0.9949261909,0.2662991259
31,3,,2,1,0,2,,,1,0.021185284,0.5471463257,0.5930719239
22,2,,1,1,1,3,,,1,0.1965745539,0.6007350802,0.2817392271
27,3,4,0,1,1,3,3,0,1,0.4601137826,0.1743715211,0.045948199
37,1,2,2,1,1,2,2,1,1,0.7618289444,0.6599746531,0.1537001935
22,1,,0,1,1,2,,,1,0.0916279043,0.6953744584,0.7477468931
47,4,,4,1,1,1,,,1,0.2100495534,0.5559127501,0.2467875463
32,4,4,4,1,0,1,3,0,1,0.7455096579,0.2305695648,0.1081319317
37,3,3,2,1,1,1,4,0,1,0.9551799185,0.14929799,0.8438037545
45,1,3,1,1,1,2,3,1,1,0.8077721492,0.6982422558,0.6121994884
47,1,,8,1,1,3,,,1,0.1296452894,0.7365306996,0.2554737401
28,3,4,0,1,1,3,2,0,1,0.4582203559,0.3143302758,0.4089730579
48,1,3,4,1,1,3,4,1,1,0.9513661233,0.0498133037,0.1470320458
26,2,4,1,1,1,1,3,0,1,0.5519690954,0.4504940083,0.4385156075
21,3,4,0,1,0,3,1,0,1,0.5707030681,0.1007488925,0.5490040046
20,2,,1,1,1,2,,,1,0.2465530682,0.0630265903,0.6988680343
39,1,1,5,1,0,3,1,1,1,0.3766923129,0.8800843232,0.2304445655
27,2,3,1,1,0,3,4,0,1,0.865664313,0.1608828274,0.7115172016
37,2,3,5,1,0,3,2,0,1,0.4278307573,0.3413853023,0.7021389174
24,4,4,1,1,1,3,3,0,1,0.5408342921,0.9937219764,0.3268995776
39,3,3,6,1,1,3,3,0,1,0.5297613184,0.4970457798,0.6547702712
20,3,3,1,1,1,2,3,0,1,0.3605335003,0.326678469,0.3076204123
19,3,,1,1,1,2,,,1,0.1824593084,0.2789827838,0.8799453098
40,3,3,4,1,1,2,2,0,1,0.5394381515,0.2514697016,0.0106102801
41,1,4,4,1,1,3,3,0,1,0.6933115985,0.331863037,0.9434411763
22,4,4,2,1,1,1,3,0,1,0.6725577887,0.1425127281,0.0328721241
32,3,,4,1,1,1,,,1,0.2808167284,0.1762051928,0.9541421663
34,4,4,2,0,1,1,4,0,1,0.7045455876,0.8160071707,0.9514908935
34,4,,2,1,0,1,,,1,0.2906965699,0.6576810366,0.2761912878
23,4,,2,1,1,1,,,1,0.2423334803,0.4764341444,0.6823503285
27,4,,1,1,1,1,,,1,0.0263608992,0.0925996905,0.1575232959
46,3,,11,1,0,2,,,1,0.0379956244,0.5553058859,0.2919557548
34,4,,3,0,1,1,,,1,0.0585229411,0.8003204362,0.7521192617
33,4,4,5,1,1,3,3,0,1,0.9060252029,0.8595032924,0.553001039
25,3,3,1,1,1,3,2,0,1,0.6721504501,0.5796731592,0.0185901653
26,4,4,1,1,0,1,4,0,1,0.7695921519,0.4329661575,0.3343462629
48,1,3,4,1,1,3,3,1,1,0.4350179436,0.1553571802,0.0218794216
36,4,4,2,1,1,3,3,0,1,0.8168890308,0.3669685411,0.8986223363
38,3,4,2,0,1,2,4,0,1,0.9320669244,0.2428324084,0.7722443076
44,1,2,7,1,1,3,4,0,1,0.535847558,0.7808772716,0.1772018947
44,2,,1,1,0,3,,,1,0.0235519037,0.5616139474,0.1605851199
39,3,,1,0,1,3,,,1,0.0714534135,0.3699632559,0.8663676474
47,1,2,7,1,0,3,2,0,1,0.4413795185,0.7375479283,0.6599238043
43,1,3,5,1,0,3,2,0,1,0.7959633324,0.3141449496,0.0806224198
29,3,,3,1,0,2,,,1,0.1938677147,0.973354334,0.3771518769
22,3,3,0,1,1,2,2,0,1,0.5500171471,0.6044529437,0.8722897283
31,2,,5,1,1,3,,,1,0.240396774,0.8252284959,0.0599651416
22,4,4,0,1,1,1,3,0,1,0.7452415217,0.4535397577,0.5640631386
45,3,4,6,1,1,2,4,0,1,0.9228961616,0.7401145807,0.4906221849
42,3,4,10,1,0,3,2,0,1,0.4627926305,0.5167176926,0.9477490452
38,3,3,7,1,1,3,1,0,1,0.8330622431,0.5179210033,0.8748005689
47,1,1,6,1,0,3,1,0,1,0.38228913,0.5090434297,0.3203315457
30,4,4,2,1,1,1,4,0,1,0.387726546,0.4157641723,0.3718752774
28,3,4,1,1,1,3,4,0,1,0.6517470277,0.6609480398,0.3322015094
25,3,4,1,1,1,2,1,0,1,0.5767923284,0.23677082,0.0369340568
49,2,4,6,0,1,2,3,0,1,0.5698450732,0.0169746261,0.9877553577
23,3,4,2,1,0,2,3,0,1,0.9678542595,0.2769610157,0.3010728328
35,3,4,1,0,1,2,3,0,1,0.7814536913,0.4641812888,0.2803980663
47,2,1,5,0,1,2,4,0,1,0.8785552605,0.2925617193,0.6656698364
35,2,,0,1,1,2,,,1,0.275908515,0.7218090257,0.1038550055
44,3,4,6,1,1,3,4,0,1,0.3724775712,0.1989560156,0.9271906409
48,4,4,3,1,1,2,4,0,1,0.4868863712,0.935100628,0.7566237821
43,2,3,6,1,0,3,3,0,1,0.8695409381,0.5200633269,0.5983368524
21,2,4,2,1,1,3,1,0,1,0.3779572227,0.2107596203,0.0252439287
22,4,4,0,1,1,1,4,0,1,0.8154691569,0.6374201447,0.0707624485
41,3,,5,1,1,3,,,1,0.2502087486,0.3068907612,0.7423291228
29,2,4,2,1,0,4,4,1,1,0.6891870344,0.5771936232,0.1704166681
44,4,,5,0,1,2,,,1,0.2697755798,0.761400916,0.0251953197
22,4,,0,1,0,1,,,1,0.12769314,0.9866594719,0.6109226996
23,2,4,4,1,1,3,3,0,1,0.4038138312,0.9785950766,0.7876205569
22,2,1,0,1,1,3,2,0,1,0.7222394839,0.8733236705,0.3214028922
35,1,3,0,1,1,2,2,1,1,0.5871536222,0.5537739743,0.7530707371
24,4,4,1,1,1,2,2,0,1,0.855766111,0.7902414691,0.7614986723
36,4,,4,1,1,1,,,1,0.2174780677,0.8517697783,0.103236809
47,1,,2,1,1,2,,,1,0.1685465896,0.4329852133,0.3726285218
40,4,4,3,1,1,3,4,0,1,0.4054398185,0.7656109686,0.133245519
29,4,4,1,1,1,1,3,0,1,0.6375804579,0.134675094,0.6923459576
49,3,4,6,1,1,1,4,0,1,0.8207481414,0.9139728928,0.8086689174
49,3,4,9,1,1,1,4,0,1,0.6903927572,0.6103568252,0.7791906278
47,4,4,2,1,1,1,4,0,1,0.3508035491,0.8919149432,0.9319860809
28,4,4,3,0,1,1,4,0,1,0.8910855981,0.6703201177,0.038067386
26,4,4,1,1,1,1,4,0,1,0.5820534563,0.753658601,0.7828614524
29,1,2,7,1,1,2,4,0,1,0.9473634735,0.1605864373,0.3305634401
29,4,2,0,1,0,2,2,0,1,0.7509398329,0.9693295741,0.2801472886
25,3,3,1,1,1,3,4,0,1,0.9512407109,0.7455462528,0.8840441722
24,2,4,2,1,1,3,4,0,1,0.4700288058,0.9479225622,0.5106421935
23,4,4,1,1,0,2,4,0,1,0.8255904996,0.4068571126,0.8025225507
23,4,4,2,1,0,3,3,0,1,0.6696206996,0.2927828987,0.0021213554
44,1,,2,1,1,2,,,1,0.0439797654,0.8708910387,0.0130372932
39,3,,6,1,1,1,,,1,0.2433097243,0.5852638886,0.6318739879
21,3,3,0,1,1,2,2,0,1,0.889699425,0.0518748844,0.4707366007
22,3,4,2,1,1,2,3,0,1,0.9848755789,0.0164801423,0.9747115765
47,3,4,3,1,1,2,3,0,1,0.6410592043,0.4456219601,0.917142102
36,3,3,2,1,0,2,4,0,1,0.6904282354,0.7235889992,0.8683473705
25,1,4,2,1,0,3,3,1,1,0.5648601905,0.2153075338,0.9107911037
40,4,,2,1,1,3,,,1,0.1630858561,0.7105432002,0.0987372762
36,2,2,0,0,0,3,3,0,1,0.3391162187,0.3926585179,0.8454352314
37,2,,5,0,0,2,,,1,0.1185236737,0.4197360288,0.0562849497
28,1,4,2,1,0,2,3,0,1,0.4416270565,0.8802642258,0.299744486
30,3,3,5,1,0,3,4,0,1,0.9998915331,0.4836487744,0.2653746704
16,3,4,1,1,1,3,3,0,1,0.5245583018,0.0141338049,0.189935125
32,2,,4,0,1,2,,,1,0.2576449082,0.3182191282,0.5153119455
40,4,4,3,0,1,3,4,0,1,0.427681341,0.5865690632,0.3060366601
40,1,,2,1,0,3,,,1,0.3155637087,0.0097786621,0.6293423337
45,3,4,2,0,1,1,4,0,1,0.4758237318,0.3127364927,0.263360921
21,1,,0,1,0,3,,,1,0.0011381609,0.1838328569,0.3771975708
28,4,4,1,0,1,1,3,0,1,0.3721060778,0.4998536406,0.4319733579
25,4,,1,0,1,2,,,1,0.2512716345,0.9213867401,0.3384642598
44,1,3,4,1,1,3,3,1,1,0.6625651567,0.7672248607,0.7024728524
35,4,4,2,0,1,3,4,0,1,0.8989050979,0.0134897032,0.3332823717
49,4,4,4,1,1,3,4,0,1,0.4863337187,0.1376849525,0.8278244523
39,3,4,1,0,1,3,4,0,1,0.5851824254,0.0949467444,0.5996947035
32,3,4,1,0,1,2,4,0,1,0.3879433076,0.0123157892,0.9083011457
35,1,2,0,1,0,4,4,0,1,0.6676371711,0.6551816406,0.959377449
21,1,2,1,1,0,3,4,0,1,0.4288831039,0.6980384983,0.2803727227
47,4,,1,0,1,1,,,1,0.2906926942,0.2142124075,0.2278109236
27,4,4,1,0,1,3,4,0,1,0.5046338986,0.5015086757,0.1840947509
31,2,2,8,1,1,2,2,1,1,0.730978913,0.8769415677,0.8873142697
34,4,3,0,0,0,3,3,0,1,0.6023154951,0.521896912,0.1034928328
130,4,4,3,1,0,2,4,0,1,0.8841727548,0.9994712053,0.5748865886
25,4,4,0,1,0,2,4,0,1,0.5964583394,0.314139669,0.6050806374
28,3,4,3,1,1,2,1,0,1,0.3878322311,0.9657232808,0.7965133073
130,2,3,4,1,0,3,2,0,1,0.5767841481,0.9993067556,0.4884662137
42,3,3,8,1,1,4,3,0,1,0.8562600016,0.160971297,0.195269988
23,4,4,0,0,1,2,4,0,1,0.6726511655,0.7618262995,0.0725780637
45,3,,3,0,1,3,,,1,0.0497952951,0.0895693168,0.3110687199
21,4,,1,1,1,3,,,1,0.0451046149,0.7147029618,0.4342092613
28,4,,1,0,1,2,,,1,0.2378019319,0.9154407964,0.132556472
33,4,4,1,0,0,3,4,0,1,0.3786510478,0.3706179747,0.869612344
32,1,,4,1,1,3,,,1,0.2354075533,0.9122609412,0.6365258818
25,2,,3,1,1,3,,,1,0.1772375899,0.3293416148,0.7121121835
25,3,3,1,1,1,3,1,0,1,0.692768399,0.2746147496,0.8155695641
19,2,2,2,1,1,3,1,0,1,0.8216128898,0.5098972886,0.5665606524
40,1,2,6,1,1,3,1,1,1,0.6210027796,0.4549762953,0.1791726179
24,2,2,2,1,1,3,1,1,1,0.3754456245,0.1347661638,0.0070886305
32,2,,1,1,1,2,,,1,0.0409567454,0.9533390929,0.6611438462
35,2,3,8,1,1,3,2,0,1,0.4281485632,0.1509251809,0.7590626365
27,2,2,1,1,0,3,2,1,1,0.8327270694,0.1594144707,0.4190492101
23,2,4,2,1,1,1,4,0,1,0.8432521382,0.5520743279,0.2168352498
22,2,4,4,1,1,3,4,0,1,0.9369220244,0.8665146697,0.3036243023
49,2,3,0,1,1,1,2,0,1,0.9075630232,0.3884367824,0.2114707661
25,2,,0,1,1,2,,,1,0.052849385,0.079704931,0.9222478405
18,3,4,1,1,1,3,1,0,1,0.9376166695,0.7454584808,0.4742209792
43,3,3,4,1,1,2,4,0,1,0.418104443,0.4642920869,0.7193738212
37,1,3,0,1,1,3,4,0,1,0.8772911396,0.2884797008,0.2011547863
30,2,3,2,1,0,2,4,0,1,0.6284781865,0.6665769763,0.9393766634
29,3,2,0,1,1,2,2,0,1,0.5059300598,0.0401698719,0.5727788916
20,2,3,3,1,1,3,4,0,1,0.6896140253,0.1153673931,0.8387652509
42,3,3,3,1,0,2,4,0,1,0.5661900451,0.905670776,0.0385848964
23,4,4,1,1,1,2,3,0,1,0.8092123693,0.9973538881,0.5263123203
34,2,3,7,1,0,3,3,0,1,0.3349094271,0.5774847826,0.8668236182
23,3,3,6,1,1,3,3,0,1,0.9401235953,0.9070263425,0.6222034342
38,3,3,5,1,1,1,4,0,1,0.3555295539,0.3423654308,0.7687261173
37,2,3,4,1,1,2,3,0,1,0.9704239131,0.1914218996,0.1896745023
17,2,3,1,1,1,3,2,0,1,0.8516791802,0.1555773658,0.6482069402
39,3,4,3,1,1,1,4,0,1,0.4156410817,0.2909813594,0.2510953905
49,1,,0,1,1,3,,,1,0.1029979117,0.1912759106,0.7593721537
23,3,,2,1,1,2,,,1,0.3085241152,0.6371996001,0.838293597
40,3,3,3,1,1,2,2,1,1,0.7130569307,0.1183379479,0.3935004833
32,2,4,5,1,1,2,3,0,1,0.9626685125,0.3159134622,0.5463463238
18,2,3,1,1,1,2,3,0,1,0.5627807288,0.5138843812,0.0412923331
46,1,2,8,1,1,3,3,1,1,0.7435701973,0.5257634188,0.4109936684
37,3,3,6,1,1,2,2,0,1,0.7132900226,0.1672506552,0.9710955205
38,2,4,5,0,1,2,2,0,1,0.4171489032,0.1612417717,0.8543254416
37,2,,2,0,0,3,,,1,0.0022499585,0.7117752371,0.1817585538
25,2,3,1,1,0,2,1,0,1,0.6911229071,0.1453992902,0.3340008395
38,2,4,5,1,1,3,3,0,1,0.8653870574,0.0768856248,0.9500410971
39,4,,2,1,0,1,,,1,0.2363365466,0.8691308395,0.6840724226
44,4,4,3,1,0,1,4,1,1,0.8682372295,0.1080704546,0.0117494385
19,4,,0,0,1,3,,,1,0.0669690143,0.6390895325,0.7392108975
28,2,4,1,1,0,3,4,0,1,0.8043098258,0.6472078746,0.4762269275
20,2,,1,1,1,3,,,1,0.2635923546,0.3983397318,0.2755114605
33,4,,0,1,0,3,,,1,0.0573239774,0.4988582015,0.981052978
33,4,,5,1,1,3,,,1,0.2748001205,0.9003269053,0.7076280009
47,1,4,6,1,1,1,4,0,1,0.9694896429,0.2387107775,0.096802203
25,3,3,0,1,1,3,4,0,1,0.3516429362,0.8713991194,0.7481573093
29,4,,0,1,0,2,,,1,0.1905130763,0.8865164471,0.1968510673
37,4,4,2,0,1,1,4,0,1,0.8543959865,0.7218025838,0.3316640869
49,1,,6,1,1,2,,,1,0.1651852537,0.0295055756,0.4063305023
48,1,,8,1,0,2,,,1,0.0368241747,0.9522441583,0.1827424328
19,2,2,0,1,1,2,2,0,1,0.446247454,0.6695047653,0.7166620063
46,1,2,3,1,1,2,1,1,1,0.9248518445,0.9859656184,0.168347586
39,1,2,2,1,1,3,1,1,1,0.3840337612,0.1693740087,0.6894623924
30,3,4,5,1,1,1,4,0,1,0.9387188009,0.8203764944,0.1772224764
40,2,,8,1,1,2,,,1,0.1841754695,0.512757011,0.9950899631
43,1,,1,1,1,3,,,1,0.2321804097,0.2823023495,0.9559493377
29,3,4,4,1,0,1,3,0,1,0.5778535505,0.9800048247,0.5060881723
23,3,3,2,1,1,3,3,0,1,0.9709775383,0.3756459334,0.6338008273
24,2,2,3,1,1,2,4,0,1,0.3690131136,0.4644641399,0.8746342509
47,3,,2,1,1,2,,,1,0.2260386288,0.7729178997,0.0720471433
35,3,,2,1,0,2,,,1,0.270550646,0.2310407088,0.427251091
19,3,3,1,1,1,2,4,0,1,0.4953691086,0.9867672352,0.648830924
45,2,3,4,1,0,2,4,0,1,0.334389812,0.3195102738,0.8221335881
42,2,4,2,1,1,3,4,0,1,0.9908092036,0.037603287,0.5616531351
47,1,1,1,1,1,3,4,0,1,0.6856484966,0.887319033,0.5844422051
25,2,2,2,1,1,3,1,0,1,0.5593693073,0.9063198207,0.2729163111
20,2,,3,1,1,3,,,1,0.0722401953,0.3128972022,0.730420485
33,3,3,6,1,1,3,4,0,2,0.988772389,0.9481747192,0.2970885561
46,4,3,5,1,1,1,4,0,2,0.7753817247,0.4680774135,0.9471898651
35,4,,4,1,1,1,,,2,0.2303428018,0.8855056762,0.8533192956
26,4,4,2,1,0,1,4,0,2,0.7069616596,0.4854647571,0.0004288065
36,3,3,5,1,0,1,3,0,2,0.7072335061,0.0442509065,0.2113839077
37,3,4,3,1,1,1,3,0,2,0.539588183,0.3418406757,0.8939059125
44,2,,4,1,1,3,,,2,0.0864905259,0.9814168936,0.078003781
32,4,,2,1,1,1,,,2,0.1418743977,0.6023097456,0.7890473189
25,2,4,6,1,1,3,4,0,2,0.4181206885,0.2534654696,0.2043967416
42,2,3,7,1,1,3,4,0,2,0.5478576788,0.929020951,0.1502887929
30,4,4,2,0,0,1,4,0,2,0.8073789858,0.5809906407,0.0685106651
39,4,4,4,1,1,1,4,0,2,0.6701223788,0.3474555706,0.1397506516
26,1,1,2,1,1,3,4,0,2,0.9604965136,0.4826901273,0.7070959325
30,2,,3,1,1,3,,,2,0.2575103823,0.1114980896,0.6460700639
38,4,4,4,0,0,1,2,0,2,0.3842465768,0.3931089534,0.6941118332
23,4,4,1,1,1,1,2,0,2,0.8434391431,0.6704891746,0.1441535806
18,3,4,1,1,1,3,4,0,2,0.3800044462,0.7685114209,0.682869457
25,3,4,3,1,1,2,3,0,2,0.998449944,0.3945818652,0.2904378242
37,4,4,2,1,0,3,3,0,2,0.8358342614,0.5411623151,0.0670063212
20,3,,1,1,1,3,,,2,0.1003333978,0.3667540021,0.1284164801
45,4,4,7,1,1,1,4,0,2,0.6290808588,0.5883552295,0.8877450888
28,2,1,2,1,0,3,3,0,2,0.7177757722,0.2895768626,0.3555276586
33,2,2,3,1,1,2,3,0,2,0.544706255,0.5076534173,0.6854981294
28,2,3,2,1,1,3,3,0,2,0.4389352172,0.2671825882,0.8928656894
30,2,,1,1,0,3,,,2,0.2303426476,0.6628950651,0.7539544151
32,4,4,4,1,1,2,4,0,2,0.365116344,0.6245131374,0.9499755329
48,4,3,7,1,0,2,4,0,2,0.8764307382,0.318144594,0.2214236545
46,4,,2,1,0,1,,,2,0.0577655081,0.3083120958,0.6994590511
32,4,4,2,0,0,1,4,0,2,0.6853479197,0.5079000013,0.8399088615
49,4,4,10,1,1,1,4,0,2,0.3669775298,0.2311076118,0.5545451378
33,2,,6,1,0,3,,,2,0.0514128511,0.9442960103,0.2304081028
39,4,4,3,1,1,1,4,0,2,0.7415595351,0.3041811983,0.2688774873
35,4,4,5,0,0,1,4,0,2,0.7357018407,0.0947306711,0.3778212836
36,4,4,3,0,1,1,3,0,2,0.6426391716,0.9367500459,0.3052654114
20,3,,1,1,1,2,,,2,0.1690713173,0.3950137987,0.0213276856
23,4,,1,1,1,3,,,2,0.0258107651,0.5727616127,0.4684982074
26,2,,2,1,1,1,,,2,0.0034844428,0.9580634995,0.3200547045
25,3,3,1,1,1,3,1,0,2,0.920416485,0.0332449973,0.0240134862
31,4,,1,1,1,1,,,2,0.04428695,0.8691758457,0.3164457261
36,4,4,2,1,1,2,4,0,2,0.9426049096,0.1272539902,0.8908250778
32,3,3,2,1,0,3,4,0,2,0.9561197506,0.2949430669,0.6762957907
36,4,4,3,1,1,1,4,0,2,0.8093203245,0.2398408792,0.1334391493
40,4,4,3,1,1,1,4,0,2,0.4034387331,0.4842397089,0.8356554186
46,4,4,4,1,1,1,4,0,2,0.4466713096,0.8546959231,0.7776881101
42,4,,8,0,1,1,,,2,0.2042134102,0.5991561583,0.0315803918
39,4,4,4,1,0,1,4,0,2,0.92115711,0.3012956098,0.7244822698
34,4,4,2,1,1,1,4,0,2,0.6066359382,0.2266742719,0.784489835
36,4,,3,1,1,1,,,2,0.1818385302,0.6425647087,0.9421349377
37,4,4,3,1,1,1,4,0,2,0.3589230731,0.0639331816,0.4764289323
36,4,4,4,0,1,1,4,0,2,0.39630631,0.8233666163,0.8591416324
38,4,4,2,1,1,1,4,0,2,0.7084855967,0.5403415717,0.4339301113
27,3,3,1,0,0,2,4,0,2,0.7260706931,0.8330694231,0.4557850899
37,4,3,8,1,1,1,4,0,2,0.6727071934,0.2732647216,0.1767564901
24,1,4,1,1,0,4,2,1,2,0.5104796595,0.6751823726,0.6116349635
42,2,4,8,1,1,1,4,0,2,0.5265494303,0.4258371291,0.0506071733
31,4,4,3,0,0,4,4,0,2,0.405241254,0.1363628586,0.7236498649
34,2,3,2,1,1,3,3,0,2,0.9559236741,0.9207055163,0.4507078605
34,4,4,4,1,1,3,3,0,2,0.3889309761,0.9928335482,0.0143745896
36,4,4,4,0,0,1,4,0,2,0.820501293,0.7008225018,0.870236115
47,4,4,8,1,1,1,4,0,2,0.6262618749,0.610246803,0.4878561965
34,4,4,3,1,1,1,4,0,2,0.5198679448,0.0032909066,0.5546443283
44,4,4,6,0,1,1,3,0,2,0.9284106511,0.541616854,0.8058481951
21,4,,1,1,1,1,,,2,0.2470111848,0.8692924072,0.0371481688
42,4,4,6,1,1,1,3,0,2,0.7293744025,0.7486084396,0.0033438527
44,4,4,4,1,0,2,3,0,2,0.983795668,0.9854688984,0.9650435191
19,4,4,1,1,1,2,3,0,2,0.6912261493,0.3817171121,0.6732365636
35,1,,7,1,0,2,,,2,0.3121144331,0.6099506955,0.379182317
24,4,4,1,1,1,3,2,0,2,0.6868274206,0.3245889746,0.5876304431
32,3,4,7,0,1,1,3,0,2,0.7515818345,0.6447924299,0.9513508915
31,3,3,2,1,0,3,3,0,2,0.9241544236,0.5451430979,0.2989169128
47,3,4,11,1,0,2,3,0,2,0.5208037428,0.8181936149,0.5085926789
38,4,,6,1,0,3,,,2,0.2519951743,0.9127505808,0.483955804
40,4,4,4,1,1,1,3,0,2,0.6711237266,0.7884244229,0.5719350626
35,3,3,4,1,1,3,2,0,2,0.3521763162,0.6229375688,0.6152819864
26,3,4,3,1,1,3,4,0,2,0.9463154692,0.5798968322,0.8296030815
23,4,3,3,1,1,3,3,0,2,0.362735714,0.641207279,0.3232745418
40,4,4,6,0,0,1,4,0,2,0.4876545684,0.0218729754,0.3800349838
37,4,4,3,1,1,1,4,0,2,0.4288777827,0.1307531414,0.0766189774
39,4,4,5,1,1,2,4,0,2,0.4983470112,0.0658916901,0.0751536503
25,4,4,2,1,1,2,4,0,2,0.5723582821,0.8784970971,0.5427780932
48,4,4,4,0,1,1,4,0,2,0.734641434,0.2209564248,0.5340082732
31,4,4,3,1,1,1,4,0,2,0.333866669,0.7851067929,0.385333785
26,4,4,1,0,1,2,4,0,2,0.972551879,0.9640428591,0.4399729243
44,4,4,5,1,0,1,4,0,2,0.7705657178,0.822056855,0.3036662127
29,4,4,1,1,0,2,4,0,2,0.9087721495,0.3130228139,0.1986674197
36,2,1,6,1,1,2,1,0,2,0.4497305613,0.1549180151,0.8222802234
29,4,,2,1,0,1,,,2,0.1491584653,0.0638956758,0.0361677529
37,2,3,7,1,1,3,4,0,2,0.5408816224,0.7742812618,0.1140470724
28,3,,3,1,1,1,,,2,0.0720565459,0.0347604933,0.2623871361
40,2,3,6,1,1,1,2,0,2,0.6796396471,0.272816551,0.9860195029
33,4,,4,1,1,1,,,2,0.2970771172,0.1698540455,0.2387774439
22,4,,1,1,1,1,,,2,0.2631107803,0.1026191279,0.7181804011
35,3,4,5,1,0,1,3,1,2,0.5552226368,0.4235732436,0.4782936976
32,4,4,3,0,1,3,3,0,2,0.8101750067,0.4998934313,0.4835646541
35,4,4,5,1,0,1,3,0,2,0.3320240222,0.908342075,0.9527116823
29,4,4,2,1,1,1,4,0,2,0.6028437953,0.5167611723,0.2728184719
23,3,3,2,1,0,3,4,0,2,0.9566200189,0.913029178,0.445116664
35,4,,2,1,0,1,,,2,0.258189622,0.873744477,0.371686855
36,4,4,3,1,0,2,4,0,2,0.5072696426,0.783579267,0.8239313517
32,4,,2,1,0,1,,,2,0.0653190511,0.4992786415,0.4657944909
30,4,1,4,1,1,3,3,0,2,0.7350969234,0.4684033056,0.6317547041
36,4,4,4,0,1,2,4,0,2,0.8778138025,0.1264736951,0.476488753
33,4,4,3,1,1,3,4,0,2,0.427875933,0.300134021,0.8887990945
33,3,,5,0,1,3,,,2,0.0960652442,0.2939045328,0.6793886571
43,2,,13,1,1,2,,,2,0.0025701625,0.0785496994,0.1955678762
35,3,,6,1,1,2,,,2,0.0781920446,0.2141154735,0.6794264813
38,4,4,5,1,1,1,3,0,2,0.9572291001,0.4746558925,0.7244785958
25,3,,4,1,1,3,,,2,0.2519600421,0.2267077846,0.1707147901
26,3,3,2,1,1,3,2,0,2,0.5265265096,0.198225347,0.3438453941
24,4,,1,1,1,3,,,2,0.253246924,0.0162401362,0.601562151
22,3,,1,1,1,4,,,2,0.1862141794,0.3998447547,0.5207272421
33,2,3,5,1,0,2,1,0,2,0.4273729652,0.4540306513,0.5156935917
45,3,3,7,1,1,3,4,0,2,0.8656935468,0.9260536874,0.9109970629
29,4,4,2,1,0,1,3,0,2,0.9979427406,0.128943394,0.9903747588
47,2,2,7,1,1,2,4,0,2,0.8035743753,0.683233125,0.4015664591
36,3,2,6,1,1,3,2,0,2,0.5489326313,0.4785887294,0.6553125971
45,3,3,8,1,1,2,3,0,2,0.4280008014,0.5681195197,0.0881670877
47,4,,6,1,0,1,,,2,0.1832160215,0.8188581792,0.1754511237
43,3,4,2,1,0,2,4,0,2,0.6317382206,0.5727672407,0.926117077
44,4,4,7,1,1,3,2,0,2,0.4957018022,0.2346268954,0.4120827249
24,2,4,2,1,1,3,3,0,2,0.4091725719,0.7192941004,0.4703001703
28,4,,2,1,0,1,,,2,0.0704489458,0.6797765958,0.839788374
34,4,,5,1,1,3,,,2,0.2268489172,0.6263764643,0.0144660492
31,3,4,4,1,1,1,3,0,2,0.9489149069,0.8852861057,0.5625465119
27,4,4,3,1,1,1,4,0,2,0.5954029838,0.7293602828,0.3135662946
27,3,3,1,1,0,3,4,0,2,0.9733078796,0.5111864267,0.499743792
26,4,,1,1,0,1,,,2,0.1316774702,0.263426968,0.1672288748
36,3,4,7,1,1,2,2,0,2,0.7168172326,0.4576517537,0.1789730546
35,4,,4,0,1,3,,,2,0.0014852462,0.8848754381,0.702295285
38,4,4,6,1,1,3,3,0,2,0.4168928351,0.8741714735,0.1294114628
44,4,4,7,1,1,2,4,0,2,0.8166828131,0.8778854054,0.0809849562
25,4,,1,1,1,1,,,2,0.1379395622,0.8121260678,0.9922389849
25,4,,2,0,1,1,,,2,0.0307872179,0.997027216,0.0294430293
41,4,4,4,1,1,1,4,0,2,0.7888397108,0.630804064,0.7509231552
41,3,4,5,1,1,1,3,0,2,0.5348913965,0.5527962439,0.2437181208
24,4,4,1,1,0,1,4,0,2,0.3830620932,0.6877179061,0.8017474365
33,4,,3,1,1,3,,,2,0.1488362151,0.9715894153,0.4525418596
29,4,4,3,1,0,3,3,0,2,0.3258115283,0.9079172941,0.246894288
47,4,4,4,1,0,1,4,0,2,0.9755396927,0.7865034071,0.2345195688
28,4,4,4,1,1,1,3,0,2,0.8690649936,0.4218118719,0.413578015
21,2,2,1,1,1,3,2,0,2,0.7517165024,0.2650972643,0.6976510467
32,3,3,6,1,0,3,3,0,2,0.9140025451,0.8551900475,0.9996279888
30,3,4,2,1,1,1,4,0,2,0.6225199828,0.7661309129,0.159756892
37,4,4,5,1,1,3,4,0,2,0.5349924534,0.7597738908,0.9566112943
29,4,3,4,1,0,3,2,0,2,0.4543209916,0.8629402248,0.1499907319
38,4,4,3,1,0,1,4,0,2,0.7807247028,0.2257879601,0.1268446884
49,3,3,11,1,1,1,4,0,2,0.5257911391,0.0478126067,0.1244440177
41,3,,5,1,1,1,,,2,0.3083678481,0.7130561386,0.4970066806
43,3,,5,1,1,3,,,2,0.2725951608,0.8615238545,0.0788176768
47,1,1,10,1,1,3,3,0,2,0.900361374,0.8220088006,0.906310854
22,4,4,1,1,1,1,3,0,2,0.6336718172,0.0439316174,0.2960591457
27,4,4,1,0,0,1,4,0,2,0.750105115,0.6095330038,0.543527894
34,3,4,2,0,1,2,3,0,2,0.6901303905,0.5195671136,0.634308752
42,3,,4,1,1,2,,,2,0.1416722392,0.4319477488,0.2347442695
-39,4,4,3,0,0,1,4,0,2,0.8924695071,0.000750876,0.0340626757
36,4,,3,0,1,2,,,2,0.2334551272,0.2946232391,0.7592777446
21,4,4,1,1,1,2,1,0,2,0.6271932482,0.9108110619,0.6588284302
36,3,4,4,0,0,2,4,0,2,0.712896007,0.5684962657,0.1650570557
25,2,,1,1,0,4,,,2,0.2791458491,0.0726456037,0.2058848586
41,4,4,4,0,0,2,4,0,2,0.72697607,0.2282482252,0.4840286688
32,4,4,4,0,0,2,4,0,2,0.8741992055,0.3902946466,0.4800546996
41,4,,4,0,0,2,,,2,0.0146102505,0.3079117086,0.2578617862
43,4,,3,0,1,1,,,2,0.1554132007,0.5739167265,0.3996480067
35,4,4,3,1,1,2,3,0,2,0.4304640081,0.3338570662,0.4869919221
24,4,,2,1,0,1,,,2,0.2158396278,0.7957117044,0.6451779048
43,4,,6,1,1,1,,,2,0.1516121743,0.3330591313,0.5055481673
48,4,4,7,0,1,1,4,0,2,0.7569582303,0.0563636879,0.5775957012
28,4,,2,1,1,1,,,2,0.211104957,0.191836828,0.4574396012
24,4,4,1,1,1,1,4,0,2,0.3419375365,0.4031668927,0.3299669671
42,4,,3,1,0,1,,,2,0.2358536209,0.812032612,0.9292885437
39,4,,3,1,1,1,,,2,0.0759996176,0.2579166141,0.0183091913
24,4,4,1,1,1,1,4,0,2,0.75947492,0.5130955789,0.5457679287
33,4,3,5,1,1,2,4,0,2,0.6645801494,0.1407064265,0.6696445889
29,4,,2,1,1,3,,,2,0.2425399107,0.4934116888,0.8305307612
44,4,4,5,1,1,1,4,0,2,0.5401961443,0.0684869681,0.1099067033
17,4,4,1,1,1,2,4,0,2,0.5028048011,0.4806380707,0.4228319486
35,3,,3,1,1,2,,,2,0.0491051111,0.1520444011,0.5903679806
32,3,4,5,1,1,1,2,0,2,0.8514155312,0.6778703642,0.8790021613
27,4,,2,1,0,1,,,2,0.0903708018,0.4471447982,0.4603541365
44,4,4,4,1,1,1,4,0,2,0.7145606036,0.1570638154,0.4763627986
42,4,4,5,1,1,1,4,0,2,0.8271776092,0.8538811295,0.4113665169
40,4,4,6,1,1,1,3,0,2,0.6534705798,0.620630483,0.6954409772
44,4,,3,1,1,1,,,2,0.2809208367,0.4429028837,0.6583890015
33,4,4,5,1,1,2,4,0,2,0.8244822895,0.8305526417,0.5614269439
35,2,4,3,0,0,3,4,1,2,0.5970579826,0.0544012296,0.1263537524
31,4,2,2,0,1,1,3,0,2,0.7425668322,0.8269420973,0.5544930569
37,4,,3,0,1,3,,,2,0.2827162409,0.3120714427,0.6805421518
45,4,4,3,0,1,2,4,0,2,0.8188646905,0.5070649458,0.3822491702
26,4,,2,0,1,1,,,2,0.3160392881,0.0973753767,0.2645481007
40,3,4,2,0,1,3,4,0,2,0.6398084781,0.8898608735,0.0545327561
30,4,4,1,0,1,2,4,0,2,0.9891625671,0.270391205,0.6020213401
36,3,4,3,0,0,3,4,0,2,0.9612782965,0.8524370337,0.6687862555
33,3,4,3,0,1,2,4,0,2,0.6909773837,0.6776667636,0.8795614256
41,4,,5,0,1,2,,,2,0.1713153809,0.6656176581,0.8500348119
45,3,3,6,0,1,2,4,0,2,0.3410428871,0.9907090818,0.2354658429
48,4,4,6,0,1,2,4,0,2,0.7869009891,0.4615962256,0.5845766303
35,4,4,3,0,0,3,4,0,2,0.8141752644,0.2363991217,0.95430096
37,4,,4,0,0,2,,,2,0.2355929037,0.8586652101,0.8386375042
46,4,,3,0,0,1,,,2,0.0445604762,0.5879513433,0.6373981808
38,4,4,4,0,1,3,4,0,2,0.9412316507,0.0757576325,0.7938454448
30,3,4,7,1,1,2,4,0,2,0.6864226492,0.4603968349,0.6724378689
42,4,3,7,1,0,1,4,0,2,0.4717567286,0.9662853554,0.1265667626
35,2,,6,1,1,3,,,2,0.2806559625,0.3286746802,0.5857733444
34,4,4,6,1,1,3,4,0,2,0.5614626885,0.5088800949,0.0343033248
37,4,,4,1,1,1,,,2,0.0399134769,0.4419845782,0.9624216594
38,4,,6,1,1,1,,,2,0.253137373,0.9070263649,0.5004067856
30,3,3,2,1,1,2,3,0,2,0.9197879051,0.5339321231,0.2198610954
46,4,,4,1,1,1,,,2,0.2073476506,0.7167346877,0.2526748135
31,4,4,3,0,1,2,4,0,2,0.3728818755,0.5456906238,0.8434014171
41,4,4,6,0,1,1,4,0,2,0.7429324695,0.43676639,0.2140223115
41,4,4,7,1,1,2,4,0,2,0.3278575979,0.1284210757,0.0246824329
32,4,4,2,0,0,2,4,0,2,0.3938899904,0.7538218846,0.7230069929
44,4,4,4,1,1,1,4,0,2,0.5854178209,0.1536923615,0.2061660668
39,4,4,4,0,1,1,4,0,2,0.7732659223,0.1027427763,0.3842329659
39,4,,5,1,1,1,,,2,0.122155624,0.9710420668,0.3787964575
45,4,4,4,1,1,1,4,0,2,0.7074834647,0.6224051391,0.3723485439
33,4,,3,1,1,1,,,2,0.030259436,0.8655031677,0.5688579099
39,4,4,3,0,1,1,4,0,2,0.7208451241,0.4279383954,0.6243622446
44,4,4,3,1,0,1,4,0,2,0.678850388,0.3290111513,0.2499994013
34,3,3,6,1,1,3,4,0,2,0.6843758513,0.9584338516,0.6758984456
33,3,3,5,1,1,3,4,0,2,0.7281917072,0.299485509,0.2516475563
34,2,2,8,1,1,2,2,0,2,0.6145281231,0.3773673849,0.227330803
27,3,2,5,1,1,2,4,0,2,0.6620562792,0.5611478791,0.9334770213
47,1,1,8,1,1,3,4,1,2,0.4982648205,0.6174303846,0.5065750817
25,2,4,3,1,1,1,4,1,2,0.3828605937,0.2393922076,0.9229770335
24,3,4,5,1,1,1,2,1,2,0.3745781502,0.7679580295,0.3498554739
41,4,4,4,1,0,1,4,0,2,0.5388588759,0.5890495887,0.1996710292
29,3,,4,1,1,3,,,3,0.2539010394,0.3079943435,0.160614702
27,2,,5,1,1,3,,,3,0.1886265004,0.1958024242,0.5050605855
40,3,,5,1,1,1,,,3,0.2591243518,0.3845120135,0.942121502
30,2,2,6,1,1,3,1,0,3,0.6338959968,0.0942205,0.3457253363
24,4,4,1,1,0,1,4,0,3,0.9671912617,0.8241874524,0.2997692368
36,4,,2,1,0,1,,,3,0.1304027159,0.6390630624,0.7268919315
17,2,,1,1,1,3,,,3,0.0813573539,0.0343525317,0.2196291453
28,1,2,4,1,1,2,3,0,3,0.6866561471,0.796670427,0.1673929538
27,2,4,1,1,1,1,4,0,3,0.5730320292,0.0072324332,0.0719937794
21,3,3,1,1,1,3,3,0,3,0.929974176,0.0044045225,0.3614218637
30,2,2,4,1,1,2,4,0,3,0.9294062517,0.1745489622,0.40310404
48,4,,16,1,1,1,,,3,0.0071052327,0.5114586118,0.526318202
29,2,4,3,1,0,3,3,0,3,0.5971288498,0.7680521718,0.0476338328
29,4,4,2,1,1,3,4,0,3,0.4044133459,0.6691873663,0.5644081522
20,3,4,2,1,1,1,3,0,3,0.7254656044,0.1405163631,0.7170711508
28,4,4,1,1,1,3,2,0,3,0.7725371834,0.0042868722,0.198231177
32,2,,5,1,0,2,,,3,0.0752195665,0.763966876,0.8165523749
27,3,,1,1,0,3,,,3,0.2726022649,0.65048906,0.7522636502
25,2,3,1,1,1,3,1,0,3,0.6199750731,0.2077426646,0.8752387757
43,4,4,3,1,1,1,4,0,3,0.9289196343,0.7341971853,0.7849824791
35,4,4,2,1,1,2,4,0,3,0.4077689445,0.1488442263,0.0676406343
30,4,4,1,1,1,1,4,0,3,0.8588059213,0.9031734895,0.6022123516
29,1,4,3,1,1,4,4,1,3,0.4976438924,0.4230648267,0.20019827
33,3,4,8,1,1,3,4,0,3,0.4589189545,0.5254918763,0.6327656129
37,3,4,5,1,0,2,4,0,3,0.9702662416,0.4201678547,0.0608211821
27,2,4,3,1,1,4,4,0,3,0.5411102448,0.5524488169,0.7801492902
33,2,,3,1,1,2,,,3,0.0128470911,0.1718904791,0.0288238973
35,2,3,6,1,0,3,3,0,3,0.9951059567,0.9566035187,0.9493301026
20,3,3,2,1,1,2,4,0,3,0.3215662825,0.883727652,0.3421442059
26,2,,3,1,1,3,,,3,0.3059427558,0.1336585289,0.8595578898
24,3,3,2,1,1,3,3,0,3,0.8594249677,0.6637943963,0.7800892171
45,1,3,3,1,1,3,2,0,3,0.7315646246,0.9070391915,0.2943925347
34,3,,4,1,1,1,,,3,0.0134605151,0.6944433542,0.3555479913
49,4,3,13,1,1,1,4,0,3,0.750354966,0.4613336075,0.6139992148
33,4,4,5,1,1,1,4,0,3,0.821386937,0.1221425236,0.4190652624
33,3,3,8,1,1,3,4,0,3,0.8729590447,0.4502802531,0.9603147618
24,3,4,3,1,1,1,4,0,3,0.9270254434,0.3505788619,0.2324249545
30,2,2,4,1,1,2,1,0,3,0.4856198307,0.865505814,0.7111422088
27,2,4,4,1,1,2,1,0,3,0.7350161694,0.6294699012,0.7868639192
23,4,,1,1,1,2,,,3,0.1463003997,0.7321897921,0.0006404095
35,4,,4,1,1,1,,,3,0.2884366341,0.9378847917,0.9736111932
35,4,4,1,0,1,1,4,0,3,0.9156283028,0.4556590172,0.0915161348
40,4,4,2,0,0,1,4,0,3,0.4244780547,0.1439501658,0.1806290695
29,3,3,1,1,1,3,3,0,3,0.9148535449,0.4312404466,0.8881901246
33,3,3,3,1,1,3,3,0,3,0.7404927172,0.8657456417,0.2436273923
36,4,4,6,0,1,1,2,1,3,0.6458830999,0.5425378743,0.8335975999
36,4,4,4,0,1,1,4,0,3,0.4355683473,0.7685231849,0.3922708721
41,4,4,1,1,1,3,3,0,3,0.349673438,0.1560266005,0.4784159709
38,3,,3,1,1,3,,,3,0.2817588869,0.3948491008,0.3498575954
29,2,,3,1,1,3,,,3,0.2283269853,0.3132380952,0.7992095723
19,4,,1,1,1,1,,,3,0.0741293747,0.1293391004,0.1882201723
34,2,,2,1,1,2,,,3,0.0017393692,0.5832915896,0.3666439892
26,2,4,3,1,1,3,4,0,3,0.5363334452,0.1999195675,0.6962173147
22,4,4,1,1,1,2,3,0,3,0.6983762438,0.1871523825,0.546420594
42,4,4,7,1,1,2,4,0,3,0.9828919307,0.8434984399,0.6191677477
27,3,,2,1,1,3,,,3,0.2711158778,0.6073175578,0.3326150199
27,4,4,2,1,1,1,4,0,3,0.633532319,0.8068900187,0.8195115415
39,4,3,1,1,0,2,2,0,3,0.3827299287,0.5573375637,0.0592766153
21,4,,1,1,1,3,,,3,0.2744651727,0.2486667364,0.7449037329
36,2,3,7,1,1,3,3,0,3,0.3452411044,0.0900846832,0.9705561721
29,1,,5,1,0,1,,,3,0.0003530444,0.6670485943,0.5503919015
29,2,3,4,1,1,2,1,0,3,0.5964317827,0.8987827161,0.4456270544
22,3,2,2,1,1,2,1,0,3,0.4076559555,0.4609774586,0.8014976167
20,2,3,1,1,1,2,1,0,3,0.6895277895,0.8970620431,0.1095138211
33,3,,4,1,0,2,,,3,0.1029453585,0.8705335007,0.4571899159
27,3,3,3,1,1,2,3,0,3,0.3368117895,0.6842783437,0.5361633885
25,4,4,3,1,1,1,4,0,3,0.979195965,0.1177938218,0.26073825
25,4,3,2,1,1,3,3,0,3,0.3582527546,0.8145994455,0.7104265851
32,2,,4,1,1,3,,,3,0.107339304,0.9921444259,0.7915088682
39,3,4,2,1,1,1,3,0,3,0.9020722382,0.1065513017,0.2623149758
31,3,3,3,1,1,2,1,1,3,0.324932309,0.4151731075,0.012074979
26,4,,4,1,1,3,,,3,0.1047936376,0.8695802166,0.1128278189
30,3,3,7,1,1,3,4,0,3,0.5815020239,0.5581758593,0.4864971286
43,3,,5,1,0,3,,,3,0.2026869148,0.3599207412,0.9306752998
34,2,,4,1,1,3,,,3,0.2675822681,0.3763193946,0.1955182926
43,4,,3,1,1,1,,,3,0.2637573901,0.1676729429,0.3873140874
32,4,,3,0,1,1,,,3,0.1894694097,0.2321647346,0.0722769988
41,4,4,5,1,1,1,4,0,3,0.8296030899,0.6920619708,0.1028041607
32,4,4,3,0,1,1,4,0,3,0.5201120514,0.1568301852,0.610719377
46,4,4,4,1,1,1,4,0,3,0.8270272793,0.2025028994,0.7012041522
40,3,4,3,1,0,1,4,0,3,0.9729114491,0.69654494,0.8136259605
21,4,4,1,1,1,2,3,0,3,0.5048230367,0.9334558774,0.0878194794
32,4,4,3,1,1,1,4,0,3,0.7692075301,0.0841327887,0.127968628
25,4,4,1,0,1,3,3,0,3,0.9527416299,0.9156341925,0.8622421268
24,4,4,1,1,1,1,3,0,3,0.7735916901,0.4023014728,0.0180168878
21,2,3,1,1,0,3,2,0,3,0.6100339171,0.3347732086,0.0318224407
22,4,4,1,1,1,3,3,0,3,0.7251003449,0.5353361962,0.7994902892
32,4,4,4,1,1,1,3,0,3,0.9849080648,0.5602386396,0.2737815451
30,4,4,2,1,0,2,2,0,3,0.5841249156,0.8733193613,0.6777817587
25,1,2,2,1,1,2,1,0,3,0.3861789868,0.5796454235,0.2780064229
31,3,3,6,0,1,3,1,0,3,0.3455105402,0.0976468637,0.0322303474
19,2,4,1,1,1,2,3,0,3,0.9422750966,0.0578512494,0.0963682947
33,2,,7,1,0,2,,,3,0.1944944594,0.5351795394,0.0616758867
24,2,2,2,1,1,3,4,0,3,0.6793661484,0.4668326729,0.9003012715
19,3,3,3,1,1,2,3,0,3,0.8880844353,0.5258704804,0.710309171
27,2,2,5,1,1,3,3,0,3,0.7201715171,0.9729365758,0.0918499693
32,4,4,2,0,0,1,4,0,3,0.830633779,0.6245553119,0.8249617484
32,4,4,2,1,0,1,3,0,3,0.8413185439,0.0057228003,0.6973367593
29,1,3,5,1,1,3,3,0,3,0.6816402421,0.7886017881,0.7801920226
23,3,4,1,1,1,2,3,0,3,0.4729919534,0.3030596349,0.7059207986
34,2,,7,1,1,2,,,3,0.2305962226,0.660366536,0.6238847979
27,2,4,1,1,1,3,3,0,3,0.8913486869,0.6380556233,0.7905472367
37,4,4,4,1,1,3,2,0,3,0.9186835107,0.5409247743,0.8857015338
26,3,,4,1,1,2,,,3,0.2951490298,0.9908532337,0.9884302434
31,2,3,7,1,1,3,3,0,3,0.3300728106,0.6730864689,0.0668339632
44,4,4,11,1,1,1,4,0,3,0.7945897345,0.6098977614,0.7590577927
35,3,4,4,1,1,1,4,0,3,0.8520757802,0.2965942678,0.4466172687
23,4,4,2,1,1,3,4,0,3,0.5785429317,0.0420593671,0.7938431291
24,2,4,2,1,1,1,4,0,3,0.867562924,0.2092139019,0.3461636865
24,4,4,2,1,1,1,4,0,3,0.4822932712,0.8366656284,0.9103064457
39,4,,3,1,1,2,,,3,0.0452278904,0.2257370992,0.960081012
33,3,4,4,1,1,3,3,0,3,0.5260015775,0.0376286097,0.8262000595
24,2,,2,1,1,2,,,3,0.1100056042,0.3330841718,0.6827777795
35,4,,4,1,1,1,,,3,0.3075536533,0.2085993365,0.4803521775
35,4,4,6,1,1,1,4,0,3,0.4681271163,0.1120423941,0.6194965391
34,4,4,2,1,1,3,3,0,3,0.532640429,0.0271322024,0.8797127511
48,3,,3,1,1,2,,,3,0.2726678905,0.425454085,0.3549603617
28,4,4,1,1,1,1,3,0,3,0.8594322451,0.2588355757,0.3265374127
26,4,,1,1,1,3,,,3,0.1858201889,0.7890691356,0.0994794225
43,3,3,8,1,1,1,3,0,3,0.8798824399,0.3729613337,0.6337922135
28,2,2,5,1,0,2,4,0,3,0.9313965449,0.7634020256,0.9246202102
22,3,4,3,1,1,2,3,0,3,0.8698964542,0.9684325368,0.3796314301
26,3,,3,1,1,3,,,3,0.2418057277,0.9975519949,0.3373542951
30,3,,4,1,1,3,,,3,0.1472975962,0.2318486805,0.0919247908
38,4,,5,1,1,2,,,3,0.2464276502,0.5392087016,0.7948155728
44,4,4,8,1,1,2,4,0,3,0.4968603502,0.2647291325,0.2433402172
25,4,4,1,0,1,1,4,0,3,0.4892235475,0.9512409698,0.5847350739
34,4,,3,1,1,1,,,3,0.2533700742,0.7723429914,0.1735693916
26,4,4,3,1,1,3,4,0,3,0.9216754869,0.7437969617,0.3032773837
20,4,4,2,1,1,1,3,0,3,0.4231204383,0.3550992712,0.3037855887
39,4,4,2,0,1,1,3,0,3,0.5432465968,0.3159897022,0.3581278731
27,3,4,4,1,1,3,3,0,3,0.3676619918,0.3485745538,0.8251079562
32,4,,2,1,0,3,,,3,0.204028709,0.4905742214,0.1331383871
48,3,4,8,1,0,1,4,0,3,0.4089169122,0.6443975361,0.5131898176
39,4,3,4,1,1,3,4,0,3,0.5307982408,0.3384987592,0.9844755647
37,4,4,3,1,0,1,4,0,3,0.7299013048,0.485838094,0.9663451072
33,4,4,2,0,0,1,3,0,3,0.7836760519,0.1842934509,0.1843348412
32,4,4,3,1,0,1,4,0,3,0.5823534762,0.9178441255,0.3012908773
25,4,4,2,1,1,1,3,0,3,0.9498851681,0.5950187759,0.8122514858
37,4,4,3,1,1,2,4,0,3,0.5160568736,0.9348396794,0.8768591787
40,4,4,4,1,1,1,4,0,3,0.64479822,0.7759440591,0.0072448296
38,4,4,6,1,1,2,4,0,3,0.9605650129,0.6616735243,0.727256927
36,4,4,4,1,1,1,4,0,3,0.8127604317,0.9116316191,0.3068767112
27,3,,3,1,1,2,,,3,0.0516724512,0.1724584089,0.0782302954
22,1,3,2,1,1,3,1,0,3,0.5944883682,0.6767962108,0.7252041976
22,2,,2,1,1,2,,,3,0.2575830548,0.9250322319,0.6013007237
30,3,,3,1,1,2,,,3,0.1649277989,0.9239023472,0.7572213145
20,2,,2,1,1,3,,,3,0.1744734953,0.6291883954,0.5494919506
34,4,4,2,1,1,1,4,0,3,0.3851165475,0.3442539039,0.9969495954
31,3,4,5,1,1,3,1,0,3,0.8036419576,0.6709165423,0.3170463365
30,3,3,3,1,0,3,2,0,3,0.8501239907,0.5227895125,0.6806434266
44,3,4,5,1,0,1,4,0,3,0.5883250141,0.2214770439,0.5712833184
24,3,3,3,1,0,2,1,0,3,0.889827643,0.7556251133,0.5182362723
19,4,,2,1,1,1,,,3,0.0082600568,0.3958899818,0.5581166323
28,4,,5,1,1,2,,,3,0.2822040288,0.5890319653,0.106253543
27,4,,1,0,0,1,,,3,0.2763685073,0.557306086,0.9594817827
29,3,,3,1,1,2,,,3,0.2174645887,0.9252237086,0.9152735718
37,4,4,3,1,1,2,4,0,3,0.8541825273,0.879796145,0.6644096163
32,2,2,8,1,1,2,1,0,3,0.703273896,0.6904649849,0.7846367875
21,2,,1,1,1,4,,,3,0.2996978407,0.2992724559,0.6970020024
33,2,3,7,1,0,3,1,0,3,0.8646337003,0.5622509371,0.0839089808
23,2,3,2,1,1,3,1,0,3,0.6778104634,0.0338705289,0.7583443051
36,2,2,5,1,1,3,4,0,3,0.6477066887,0.4562074842,0.4453542495
33,2,,3,1,1,3,,,3,0.1959011123,0.8074455475,0.130721008
35,4,4,2,1,0,1,4,0,3,0.5495258353,0.5564347904,0.7898256885
25,2,,4,1,1,3,,,3,0.0122307991,0.4648700699,0.925700108
29,2,4,4,1,0,2,4,0,3,0.721955743,0.8156165559,0.1343839146
23,3,,1,1,1,2,,,3,0.0425485051,0.436585353,0.5759023044
19,3,,1,1,1,2,,,3,0.0575190517,0.833645495,0.5757248269
35,1,,6,1,1,2,,,3,0.2732827646,0.921449386,0.5379449933
25,3,3,3,1,1,3,2,0,3,0.6675704167,0.530947367,0.8616339992
40,3,,6,1,1,1,,,3,0.0153079713,0.8646291945,0.8644253387
17,3,4,1,1,1,2,1,0,3,0.5054963406,0.9778247429,0.0925778659
25,2,4,3,1,1,3,3,0,3,0.3318008749,0.920070488,0.5897280903
24,3,3,1,1,1,3,2,0,3,0.7962442487,0.3889035235,0.7094922577
23,4,4,1,1,1,3,3,0,3,0.4042320938,0.5783601015,0.1130829752
25,2,4,3,1,1,3,2,0,3,0.7118606105,0.8493845932,0.816072951
30,1,,4,1,1,3,,,3,0.1340290993,0.9628468775,0.6388078302
31,1,1,3,1,1,4,2,1,3,0.4476344639,0.6656879688,0.5334148167
26,3,,2,1,1,3,,,3,0.0063077644,0.8625098187,0.096329887
28,3,4,2,1,1,2,3,0,3,0.4817355347,0.6179126355,0.5529096371
30,3,3,3,1,1,3,1,0,3,0.4790954941,0.686210296,0.9044937235
29,3,4,5,1,1,1,2,0,3,0.9658830697,0.5925723331,0.699027534
24,1,,4,1,1,3,,,3,0.3109954793,0.5772352897,0.2512392077
26,3,4,2,1,1,1,3,0,3,0.8678746102,0.2406611788,0.4971863187
25,3,,3,1,1,3,,,3,0.2831554223,0.9853605847,0.301377765
35,4,,3,1,1,1,,,3,0.1157882689,0.4484721173,0.0295246975
22,4,4,1,1,0,2,4,0,3,0.709297676,0.759843672,0.3375494114
19,4,,1,1,1,2,,,3,0.1287161736,0.1345049381,0.0745949829
29,2,3,5,1,1,2,4,0,3,0.6134282149,0.3137577019,0.7278578243
21,3,4,2,1,1,3,3,0,3,0.6572225232,0.8818159825,0.388467611
21,3,3,1,1,1,3,3,0,3,0.4734432667,0.8061803513,0.0480652703
41,1,,9,1,1,2,,,3,0.1501663468,0.7146817016,0.7831214647
37,2,4,3,1,1,2,3,0,3,0.8674001647,0.536921981,0.0280031623
27,4,4,3,1,1,3,4,1,3,0.6913560036,0.0439376957,0.6124830333
26,2,,2,1,1,2,,,3,0.318110509,0.5162003881,0.4740459935
37,4,4,6,1,0,3,4,0,3,0.3685792737,0.496813427,0.1414558716
25,3,,3,1,1,2,,,3,0.3137302014,0.3933718421,0.1279423154
32,4,3,3,1,1,2,4,0,3,0.4577712638,0.0826676106,0.390002242
34,1,,4,1,1,3,,,3,0.1937360452,0.3270365839,0.0320917992
23,4,,2,1,0,2,,,3,0.0288759349,0.5622835735,0.3705775306
28,3,,2,1,1,3,,,3,0.3155355874,0.1201871071,0.9718041629
24,3,,1,1,1,3,,,3,0.085978996,0.2285422055,0.6836836011
32,2,3,4,1,0,2,2,0,3,0.3419866354,0.6715663623,0.5140565049
22,1,,3,1,1,3,,,3,0.3108633758,0.5458024654,0.7834961432
25,3,3,1,1,1,2,1,0,3,0.7104801227,0.4389543177,0.0618715501
25,2,3,2,1,1,2,4,0,3,0.9918042668,0.2237298206,0.6765311187
38,2,,3,1,1,2,,,3,0.0484933174,0.1834484731,0.5442373811
33,2,2,2,1,1,3,4,0,3,0.8810621406,0.3277977385,0.7449581575
41,4,,8,1,1,1,,,3,0.0305516292,0.1788151228,0.8361546708
29,3,3,4,1,1,3,4,0,3,0.4764300689,0.8899392457,0.8099215207
22,3,4,1,1,0,1,4,0,3,0.8302727965,0.9005789607,0.1722341423
29,3,3,6,1,1,3,3,0,3,0.439940856,0.1382323509,0.6925648254
26,3,,3,1,1,3,,,3,0.0030030636,0.161659651,0.2298955029
28,2,3,3,1,1,3,4,0,3,0.9446993959,0.6459924521,0.6727343317
27,4,4,1,0,1,3,4,0,3,0.7068713823,0.9770159214,0.8712142407
29,2,,2,1,1,3,,,3,0.1688362701,0.6882704085,0.0412156293
24,3,4,2,1,1,3,3,0,3,0.7090691052,0.5125213673,0.3512946308
29,3,4,3,1,1,3,2,0,3,0.5684236044,0.7906245891,0.6060443649
38,3,4,7,1,1,3,2,0,3,0.8877477277,0.9006589539,0.7823284575
23,3,,2,1,0,3,,,3,0.159870267,0.5568296036,0.2294621832
20,4,3,1,1,1,3,4,0,3,0.5802391742,0.5019094551,0.364175806
32,1,,4,1,1,3,,,3,0.0756122102,0.4629905696,0.7412345315
25,2,3,2,1,1,3,1,0,3,0.5281995798,0.5506759489,0.3595098403
26,1,2,3,1,0,3,2,0,3,0.4041765921,0.0746255783,0.2091532346
23,1,,3,1,1,3,,,3,0.0526421271,0.3842408128,0.9264196958
23,4,4,3,1,1,3,3,0,3,0.9359895037,0.8181783691,0.8340567042
28,3,4,5,1,1,2,4,0,3,0.5474447569,0.6649692155,0.7723061772
22,4,4,3,1,1,3,2,0,3,0.402724398,0.6479935412,0.43380615
28,2,4,4,1,1,3,4,0,3,0.7651712078,0.3665195184,0.2263825746
26,3,3,3,1,1,3,3,0,3,0.4563147404,0.0590239377,0.699865749
26,2,3,2,1,1,3,3,0,3,0.7396914134,0.6801092241,0.192888259
24,4,,3,1,1,3,,,3,0.1776805269,0.7257563717,0.0984395231
29,4,4,3,1,0,1,4,0,3,0.572720588,0.2660968826,0.1876355797
29,3,4,4,1,0,1,3,0,3,0.4366970278,0.2993970342,0.7333065019
42,4,4,5,1,1,1,4,0,3,0.6987318428,0.5588590207,0.0035065576
27,4,,2,1,1,3,,,3,0.0154669196,0.8032496915,0.9765369743
35,3,,5,1,1,1,,,3,0.134312573,0.8520389143,0.9949040241
21,3,4,1,1,1,3,2,0,3,0.4930878857,0.8880541441,0.7107035544
21,1,3,1,1,1,3,3,1,3,0.439356066,0.1490604049,0.091054834
22,3,4,1,1,1,3,3,0,3,0.8441597944,0.3390324089,0.829341941
28,3,,4,1,1,3,,,3,0.2783923439,0.7399137126,0.8515411652
22,3,,1,0,0,1,,,3,0.0243206504,0.9042186848,0.4886807899
23,3,2,1,1,1,3,3,0,3,0.4234714436,0.0710546146,0.835691654
28,3,,2,0,1,2,,,3,0.3090420143,0.3081043145,0.1060664529
30,4,,3,0,0,2,,,3,0.3098033831,0.103752791,0.3485513466
25,3,4,3,1,0,3,4,0,3,0.8455157335,0.8927068044,0.4466316465
33,4,4,4,1,1,2,3,0,3,0.4828487581,0.5012438109,0.7691179438
33,3,,6,1,1,3,,,3,0.060137569,0.6104080885,0.7536146304
30,4,4,2,0,0,3,3,0,3,0.5072434333,0.3502994014,0.3506596444
22,2,4,1,1,1,3,3,0,3,0.3540751181,0.5059222702,0.9863018882
38,3,3,2,0,1,3,4,0,3,0.9287434797,0.4286217626,0.8948275349
35,4,,2,0,1,3,,,3,0.2708427106,0.494683393,0.9500623322
34,2,2,4,0,1,3,2,0,3,0.8994455728,0.8547419616,0.4720787092
39,4,4,2,0,1,3,4,0,3,0.9652636889,0.028826294,0.9974528309
47,4,,4,1,1,1,,,3,0.003222975,0.8450335445,0.4463940353
38,4,4,2,1,0,1,4,0,3,0.3721959276,0.2126633796,0.019746956
43,4,4,5,1,1,1,4,0,3,0.7509558805,0.1494107825,0.4774660573
21,3,3,1,1,1,2,2,0,3,0.696477162,0.141663218,0.1520825858
30,3,4,2,1,1,1,2,0,3,0.7060559605,0.0961876382,0.670793997
27,3,4,2,1,1,1,3,0,3,0.8273216802,0.423358381,0.159101815
22,4,,1,0,1,3,,,3,0.2955315636,0.9675235203,0.3170068987
25,1,,3,1,1,2,,,3,0.0001606196,0.7692835884,0.7605121074
22,1,3,2,1,1,3,2,0,3,0.5982507871,0.8559524277,0.5339781188
28,4,4,4,1,1,2,3,0,3,0.8976952708,0.7202360894,0.3625686631
25,3,3,2,1,1,2,3,0,3,0.3538718779,0.6675105769,0.9159123813
26,4,4,2,1,0,3,3,0,3,0.6112292528,0.5928539595,0.8417050866
31,3,3,3,1,1,3,1,1,3,0.3251566851,0.519666455,0.4391791743
32,1,,4,1,1,3,,,3,0.047736954,0.5504630141,0.7853570212
35,2,,6,1,1,3,,,3,0.0568159446,0.8148828772,0.9529873379
24,2,,5,1,1,3,,,3,0.1554510892,0.0534102996,0.6679969596
28,4,,2,1,1,1,,,3,0.135128968,0.3046381256,0.6807399786
36,4,4,3,0,0,2,4,0,3,0.4674022023,0.2961350085,0.7422051084
47,4,4,5,1,1,1,3,0,3,0.6425545894,0.5205301342,0.3610432587
26,4,4,2,1,0,1,4,0,3,0.481937554,0.4844662554,0.0506867068
22,3,4,2,0,1,3,4,0,3,0.4572791548,0.3787299219,0.5156570075
30,4,4,2,1,1,4,3,0,3,0.4663580453,0.8761972733,0.1142134592
41,4,4,5,1,1,1,4,0,3,0.6027673807,0.3440159398,0.6846688398
19,4,,1,1,1,3,,,3,0.1878150628,0.8547215387,0.3836914526
45,3,4,2,0,1,3,3,0,3,0.8143726624,0.5344098273,0.2916639081
35,1,2,5,1,1,2,2,1,3,0.3573629336,0.2790281196,0.4658180473
21,2,2,1,1,1,3,2,0,3,0.4366165127,0.3462619485,0.543926846
32,1,,6,0,1,2,,,3,0.0770874638,0.2360801959,0.3097806593
32,3,,5,0,1,3,,,3,0.1153080436,0.9893162879,0.8192028794
46,2,3,6,0,0,3,4,0,3,0.4982110762,0.1624343699,0.7174582084
41,1,2,6,1,1,3,3,0,3,0.6605732914,0.7447360781,0.1614526441
36,4,,3,0,1,3,,,3,0.2292565188,0.8266889871,0.1496662684
37,3,4,3,0,1,3,4,0,3,0.5613240779,0.810496577,0.5468477516
37,3,4,4,0,1,2,4,0,3,0.7376656969,0.8036072258,0.052683793
35,4,,3,0,1,3,,,3,0.2801007825,0.5544300105,0.0154254604
29,2,,4,1,1,3,,,3,0.0307707228,0.0679164087,0.5768685199
28,4,4,2,0,1,2,4,0,3,0.8124451078,0.9525888921,0.8228074125
46,4,4,4,0,1,1,4,0,3,0.8233311301,0.6015457714,0.1278206879
34,4,3,3,0,1,2,4,0,3,0.5292717267,0.7007605493,0.0800218466
43,3,,2,0,0,3,,,3,0.0833542194,0.1849160638,0.5732780153
28,4,4,3,0,0,3,4,0,3,0.6697035137,0.406125196,0.5194901808
28,3,3,3,1,0,2,4,0,3,0.5982233074,0.8447820874,0.6586901153
34,4,4,6,1,1,2,2,0,3,0.4657443261,0.087375131,0.7512436424
27,2,4,4,1,1,3,4,0,3,0.3589083107,0.3805446822,0.7239653607
36,1,,6,1,1,3,,,3,0.1661546655,0.3675108903,0.2142181286
17,2,2,0,1,0,3,2,0,3,0.6779437576,0.0145943882,0.7429332895
21,3,,1,1,1,3,,,3,0.1558518466,0.5402505731,0.4184606212
25,2,2,1,1,1,3,1,0,3,0.9294355837,0.9668220547,0.2913029037
23,2,3,2,1,0,3,2,0,3,0.9401458008,0.032130878,0.2726979732
25,2,2,1,1,1,3,3,0,3,0.3773897306,0.0261688549,0.3092542292
35,1,2,4,1,0,4,4,0,3,0.9301241887,0.6962727037,0.4411688701
32,3,4,4,1,1,3,2,0,3,0.3296129356,0.4481570038,0.6735635301
37,2,3,5,1,1,4,2,0,3,0.7053278516,0.2520887033,0.014824484
31,3,4,4,1,0,3,3,0,3,0.7426717615,0.1826503846,0.525145585
25,3,,3,1,1,3,,,3,0.2929045783,0.6464287125,0.0758229797
26,3,4,4,1,1,2,4,0,3,0.9611937161,0.1760674013,0.6049189654
39,1,2,2,1,0,2,4,0,3,0.6031408448,0.8047138019,0.5953307583
21,3,3,2,1,1,2,3,0,3,0.4798931696,0.6435026599,0.0239605033
35,3,,9,1,0,3,,,3,0.0030925944,0.175109062,0.30689888
20,2,2,1,1,1,3,2,0,3,0.5647339707,0.1859444115,0.513970291
40,2,3,5,1,1,3,3,0,3,0.7857988075,0.4107206713,0.1119938428
41,3,3,7,0,1,2,4,0,3,0.8670791801,0.1728804969,0.1455064086
36,2,,8,1,1,1,,,3,0.1987498604,0.2230918613,0.6611368883
40,2,4,3,0,1,3,4,0,3,0.7174302818,0.085335922,0.5842810495
32,4,4,3,1,0,1,4,0,3,0.8981678537,0.5736959989,0.4768892152
24,3,4,4,1,1,2,3,0,3,0.6484469393,0.0143519598,0.1944956496
20,3,,1,0,1,2,,,3,0.2995080046,0.6084330909,0.6302925128
32,4,4,4,1,0,1,4,0,3,0.4897702553,0.5164902967,0.3609904015
22,2,2,3,1,0,3,3,0,3,0.3806370503,0.7143526975,0.9937025048
30,3,,4,1,0,2,,,3,0.1170424675,0.270116367,0.8436866537
31,4,4,3,1,0,1,4,0,3,0.9004138526,0.5487400389,0.9942985876
35,3,4,5,1,1,1,4,0,3,0.6334951686,0.4930696136,0.1417768957
38,4,4,2,1,1,3,4,0,3,0.3995901204,0.7334094261,0.6056144762
31,4,4,1,1,1,1,4,0,3,0.3275019551,0.3702328742,0.3792571981
25,4,4,2,1,1,2,4,0,3,0.777830229,0.4105979676,0.734995447
30,4,4,2,1,1,1,4,0,3,0.610150249,0.868928729,0.5648551176
22,1,,2,1,1,3,,,3,0.2330718922,0.7643228005,0.4770953187
31,4,4,3,1,1,1,4,0,3,0.8217004686,0.1602540054,0.03166802
29,4,,3,1,1,3,,,3,0.1775462279,0.5958068364,0.6624021636
29,2,,3,1,0,3,,,3,0.2437228892,0.3997770713,0.3961661735
38,4,,3,0,0,3,,,3,0.0026417915,0.3909648705,0.1819867618
22,3,4,2,1,1,2,4,0,3,0.8526033204,0.4325445785,0.4311589652
45,4,,3,1,1,1,,,3,0.1377226581,0.6170280853,0.6086661274
26,3,4,3,1,1,3,2,0,3,0.6686594112,0.62680813,0.3918782628
37,4,4,3,0,1,3,4,0,3,0.3378799112,0.017909402,0.8098173066
36,4,4,3,0,1,2,4,0,3,0.5770717559,0.9861936727,0.2921799581
33,4,4,2,1,1,2,4,0,3,0.5419028846,0.3245111249,0.3602450189
32,4,4,3,1,0,1,4,0,3,0.3500105656,0.6174761064,0.4264182017
35,4,4,4,0,0,1,4,0,3,0.4835842296,0.7885342025,0.4977706166
25,4,4,1,1,1,1,4,0,3,0.7668910663,0.2030981328,0.8459294978
31,4,4,3,1,1,4,4,0,3,0.754047348,0.715100875,0.1696730615
25,2,3,5,1,1,2,3,0,3,0.6863903965,0.5828858184,0.3878144414
26,3,2,5,1,1,2,2,0,3,0.8406683681,0.4973092878,0.0888186167
23,2,,3,1,1,2,,,3,0.1928574369,0.5051840039,0.5536674245
28,3,4,3,1,1,1,4,0,3,0.727619469,0.976383117,0.3914679407
34,3,4,3,0,0,3,4,0,3,0.7198554923,0.6452262665,0.6242636156
46,3,4,9,1,1,3,4,0,3,0.8667117934,0.6586813827,0.8626724528
25,4,,1,1,1,1,,,3,0.0136905257,0.8460315488,0.8561115651
21,2,1,3,1,0,3,1,1,3,0.5674019636,0.8658254607,0.6777205941
25,2,3,4,1,0,3,2,0,3,0.5526328574,0.4268446497,0.3554015869
28,2,3,6,1,1,2,4,0,3,0.3334403361,0.5990441817,0.4523404173
36,2,4,11,1,1,1,4,1,3,0.6278819179,0.3500589162,0.651025872
46,1,2,9,1,0,3,4,1,3,0.6779416882,0.0409340989,0.6686809359
35,2,2,6,1,0,3,1,1,1,0.3366355856,0.7726705199,0.8166045853
41,3,2,11,1,1,2,3,0,1,0.4608932857,0.9673765786,0.4532866941
27,2,4,1,1,0,1,1,0,1,0.6554933324,0.2103755638,0.2209703239
25,4,,0,1,0,3,,,1,0.2967923224,0.5418514235,0.7409949478
23,2,2,2,1,1,3,3,0,1,0.916100983,0.9662960195,0.954378258
48,1,,1,1,0,3,,,1,0.2823330887,0.7051084324,0.0741511118
23,4,,0,1,0,1,,,1,0.1820983948,0.9294667663,0.8003476201
31,3,,2,1,1,3,,,1,0.3120577649,0.774978768,0.4030198704
49,4,4,1,1,1,3,4,0,1,0.4677221833,0.065838526,0.0835196339
42,2,3,2,1,1,1,4,0,1,0.5137811101,0.3372951822,0.2588341028
26,2,,3,1,1,3,,,1,0.2899290655,0.7952125845,0.144788975
21,2,2,1,1,1,3,2,0,1,0.6215640966,0.8509286502,0.548704068
29,3,,4,1,1,1,,,1,0.1906675418,0.190477267,0.2648971296
38,1,2,12,1,1,2,3,0,1,0.3746174967,0.3652577155,0.9659731304
25,4,,2,1,1,3,,,1,0.0934262015,0.736989322,0.9310903838
22,4,,0,1,1,3,,,1,0.3128456875,0.8762087784,0.9844260532
20,3,4,0,1,1,3,3,0,1,0.5846649728,0.8031464893,0.6470001571
35,4,,1,1,1,1,,,1,0.2227063948,0.7902018622,0.7701224558
32,2,3,1,1,1,3,3,0,1,0.3217683622,0.7954153487,0.9514543102
38,2,,3,1,1,1,,,1,0.2612862081,0.5480020538,0.2790562963
27,1,2,4,1,1,1,4,1,1,0.3659554112,0.5347118459,0.3151991089
41,2,4,1,1,1,2,3,0,1,0.4965599331,0.3274715498,0.2392363419
28,3,4,0,1,0,1,3,0,1,0.4365687587,0.249764125,0.9760481086
23,4,4,1,1,0,3,3,0,1,0.694673695,0.6455981897,0.0438179365
27,4,4,1,0,0,2,4,0,1,0.7538136224,0.9321306399,0.3013360232
33,4,,2,0,1,1,,,1,0.0710294182,0.6960011514,0.7787268482
39,2,,5,1,0,3,,,1,0.2147261259,0.3047637755,0.3159176387
41,2,2,5,0,1,2,2,0,1,0.475635058,0.2884714037,0.5380856965
40,2,2,8,1,1,1,3,0,1,0.587742715,0.5970910762,0.9743133448
43,3,4,10,1,1,3,3,0,1,0.3911976458,0.4563519901,0.7698717149
35,3,,6,1,0,2,,,1,0.0064968285,0.8854084187,0.755948827
32,3,4,0,1,1,3,4,0,1,0.9478994836,0.5807192417,0.2587541147
49,2,3,4,1,1,2,3,0,1,0.7144230184,0.7462590457,0.1242590892
47,2,2,4,1,1,3,1,0,1,0.9380518379,0.4113208961,0.8705051112
42,4,,1,1,1,2,,,1,0.0291581433,0.9081734037,0.9956333004
48,4,,4,0,1,1,,,1,0.0383493644,0.5564337943,0.1548888391
42,4,4,3,1,1,1,4,0,1,0.9924680213,0.2406793447,0.0719976477
37,4,4,2,1,1,1,4,0,1,0.4140416879,0.5313654363,0.7019325479
23,3,3,1,1,0,2,4,0,1,0.7539533944,0.927163294,0.1900484302
24,3,4,0,1,0,2,3,0,1,0.5350965851,0.2746000729,0.165293912
43,2,3,3,0,1,2,3,0,1,0.565472998,0.8474179645,0.8400556756
24,3,3,2,1,0,3,2,0,1,0.5509536031,0.7714668106,0.5615932939
29,2,4,0,1,0,3,4,0,1,0.5157258015,0.7266481396,0.962515275
45,1,1,0,0,0,2,1,0,1,0.7582492632,0.6022434335,0.3792543762
31,4,4,3,1,0,2,3,0,1,0.9046571073,0.6729811219,0.7997005455
44,1,4,9,1,1,1,2,0,1,0.6543592674,0.9573068619,0.7441156203
28,2,3,1,1,1,3,1,0,1,0.7792826066,0.7124825147,0.7252964981
28,3,4,1,0,1,2,2,0,1,0.4283977674,0.0897163018,0.3763079179
33,1,2,0,1,0,3,3,0,1,0.6080224577,0.4572714527,0.0978250648
43,4,,6,1,1,1,,,1,0.248300138,0.3723353275,0.4226027459
34,3,4,4,1,1,1,3,0,1,0.8075755578,0.755402482,0.4684920481
36,1,4,2,1,1,2,2,0,1,0.5035734063,0.5946215822,0.8439580607
22,4,4,0,1,0,2,4,0,1,0.85453409,0.9959475654,0.392508316
35,2,,8,1,1,3,,,1,0.0587637024,0.182758113,0.6908610727
-25,4,4,1,1,1,1,4,0,1,0.4668268852,0.000520953,0.6554376076
43,1,,8,1,1,2,,,1,0.1095700958,0.6445457864,0.1217312222
46,1,4,8,1,1,1,4,1,1,0.8247565077,0.4037068949,0.4342108562
27,3,4,2,1,1,1,3,0,1,0.7346035725,0.4692919014,0.5308048281
30,1,1,7,1,1,2,3,0,1,0.8190114623,0.8594471653,0.6445352447
25,4,4,1,1,1,3,4,0,1,0.9390755901,0.9564115978,0.1810656442
42,4,,1,1,0,1,,,1,0.1676768228,0.4954458449,0.9686482148
30,1,3,1,1,1,3,4,0,1,0.5682830711,0.3817902759,0.6222818683
27,3,3,4,1,1,2,4,0,1,0.7109401048,0.2052748418,0.575546583
45,2,,11,1,1,2,,,1,0.0406565503,0.2432273152,0.3893573365
29,3,,2,1,1,1,,,1,0.091687779,0.1826021807,0.7548053133
36,1,4,1,1,1,3,3,0,1,0.6193265219,0.0337352613,0.9062495399
49,1,2,8,1,1,3,1,1,1,0.4271407749,0.4926531196,0.029852055
47,1,4,7,1,1,2,3,0,1,0.471069745,0.2765028268,0.8256086934
30,4,,4,1,1,2,,,1,0.0794226309,0.1387317554,0.2050839165
24,2,,2,1,1,3,,,1,0.2572564042,0.9364411528,0.6793119273
48,1,1,6,1,1,2,3,1,1,0.6101651604,0.7403395715,0.7457076976
47,1,2,2,1,1,2,3,1,1,0.4070014853,0.2277450469,0.0348437396
24,3,,1,1,0,3,,,1,0.0209942283,0.4393365967,0.864016144
48,3,4,5,1,1,2,3,0,1,0.6818534609,0.1899221987,0.8816692172
38,1,2,8,1,1,3,3,1,1,0.6255613689,0.7923992112,0.7806843346
45,3,4,0,1,1,1,3,0,1,0.8206100845,0.1360848933,0.7566962534
43,4,4,3,0,1,2,4,0,1,0.7792449173,0.3969688254,0.6549178439
33,1,1,5,1,1,3,1,1,1,0.8485358138,0.1415554635,0.628463188
37,3,,7,1,1,3,,,1,0.2071655771,0.3519342567,0.564855228
36,2,,6,1,1,2,,,1,0.06920094,0.6753484098,0.2354558619
25,3,,3,1,1,1,,,1,0.2991794228,0.5800649596,0.7503999112
49,4,4,6,0,0,1,4,0,1,0.8636102643,0.6067451446,0.4635863749
30,4,,1,1,0,1,,,1,0.0199956186,0.5782782983,0.5534797616
35,4,,5,1,1,1,,,1,0.2570934637,0.3137095712,0.9966410147
28,2,,0,1,1,3,,,1,0.2875728241,0.0415385873,0.9444814953
30,4,2,0,1,0,3,3,0,1,0.6309950504,0.2993099807,0.7207285444
27,4,4,2,1,0,1,4,0,1,0.4936957296,0.0041328412,0.4643480012
45,2,,8,1,1,2,,,1,0.0999452067,0.2798229471,0.1920333794
46,3,1,5,1,1,3,2,0,1,0.4934983703,0.0580154308,0.6443484522
28,1,,0,1,0,4,,,1,0.1635925822,0.3895476039,0.0578667992
21,2,4,0,1,1,2,2,0,1,0.5514623632,0.366976197,0.868232781
20,3,,2,1,1,3,,,1,0.1606409443,0.7542488234,0.5453729427
28,3,3,5,1,1,3,3,0,1,0.6038302507,0.6697845448,0.2977876446
25,3,3,1,1,1,2,2,0,1,0.5671667781,0.2251988334,0.5812599895
38,1,2,6,1,1,2,1,1,1,0.4880722889,0.3252067274,0.5222323842
20,3,,1,1,1,3,,,1,0.0230066213,0.1667908459,0.8258884004
24,3,4,2,1,1,2,4,0,1,0.8063873769,0.4472070473,0.0717253816
39,3,,1,1,1,2,,,1,0.2039801288,0.2704775335,0.6278780846
25,1,3,1,1,1,4,2,0,1,0.7381841409,0.8807186321,0.3242539607
23,3,4,4,1,1,3,1,1,1,0.6712853595,0.0362599441,0.2454924268
24,4,4,1,1,0,1,3,0,1,0.9681171537,0.9303423357,0.5564695413
26,4,4,3,1,1,1,4,0,1,0.9915238004,0.8228136947,0.1533605997
20,3,,2,1,1,3,,,1,0.0684086206,0.1575341393,0.0763965012
31,3,,1,1,0,3,,,1,0.0411385377,0.6007473513,0.4153791784
22,4,,0,1,1,2,,,1,0.2379486208,0.3444855876,0.7190511607
36,2,3,6,1,1,2,3,0,1,0.8329608658,0.0566953188,0.7408710275
45,3,,0,1,1,1,,,1,0.2319076421,0.867553092,0.9095146786
47,2,2,7,1,1,2,2,0,1,0.8930214289,0.5918945007,0.8936671488
30,2,,1,1,1,2,,,1,0.1934773858,0.7232652259,0.7634752219
35,4,4,3,1,1,1,4,0,1,0.8210454024,0.1749322215,0.5514581094
34,2,2,9,1,0,2,3,0,1,0.7339008724,0.1078153081,0.7656048181
28,4,,1,1,0,1,,,1,0.147623309,0.705824138,0.2552402659
18,3,4,1,1,1,3,3,0,1,0.5550378247,0.293899689,0.6987373678
25,2,,2,1,1,3,,,1,0.1397499596,0.106117758,0.9308586698
27,3,4,0,1,0,3,3,0,1,0.5681770838,0.7911233528,0.6100673809
21,4,,1,1,1,3,,,1,0.2999283324,0.5171952767,0.2992088438
19,4,4,1,1,1,1,3,0,1,0.7001888881,0.9255434642,0.1630932955
26,4,4,0,1,1,3,4,0,1,0.6725586777,0.2360585184,0.9322303021
28,4,4,5,1,1,1,4,0,1,0.5454170529,0.3682192165,0.2934633122
38,1,,4,1,0,2,,,1,0.0550062643,0.363248713,0.9509897558
39,2,3,10,1,1,3,4,0,1,0.347492601,0.7332280426,0.3553425215
45,2,,6,1,1,3,,,1,0.3111589646,0.6061735631,0.9377074321
30,3,4,4,0,1,2,3,0,1,0.9849050711,0.4358772535,0.5734286241
47,2,,2,1,1,3,,,1,0.1136610671,0.1994282357,0.694808659
38,2,2,6,1,1,3,4,0,1,0.902097431,0.7665412458,0.0319204168
42,3,,5,1,1,2,,,1,0.2197160489,0.1412866219,0.6331401005
31,4,4,2,1,1,1,2,0,1,0.9786925726,0.5858267744,0.1667240733
44,1,2,2,1,1,3,1,0,1,0.4881139037,0.8751840167,0.4404839773
42,4,,3,1,0,1,,,1,0.1217689082,0.8455322081,0.6834645396
28,4,,2,1,1,1,,,1,0.2153026672,0.8669738932,0.7659185863
34,2,,6,1,0,3,,,1,0.1467202605,0.1234944463,0.6705749425
45,1,3,7,1,0,1,3,0,1,0.4750762593,0.1700966466,0.4083284877
43,4,,5,1,1,1,,,1,0.0223681289,0.3692541692,0.7432459443
28,3,4,0,1,0,3,4,0,1,0.9094443535,0.4758017596,0.8538794382
27,3,4,0,1,1,3,3,0,1,0.6273129231,0.291255335,0.4587507664
26,2,3,1,1,0,4,4,0,1,0.5595609697,0.0203580279,0.0275685843
26,3,4,1,0,1,2,2,0,1,0.5580321227,0.7201450093,0.9786494542
37,3,4,4,1,0,2,4,0,1,0.7917115296,0.8320096428,0.3566672543
48,3,4,11,1,1,1,4,0,1,0.5982167337,0.7281839092,0.9162912685
47,2,,12,1,1,3,,,1,0.1460152628,0.1566983509,0.4876519099
22,2,,1,1,1,3,,,1,0.0705618612,0.1435573316,0.8319143186
48,4,,1,0,1,1,,,1,0.2238866869,0.6475019411,0.8939572768
42,1,,12,1,1,2,,,1,0.19779218,0.6471080741,0.2982626605
32,4,4,3,1,1,1,4,0,1,0.8500540079,0.0530586625,0.9578343676
33,4,,3,0,0,1,,,1,0.1928357641,0.9772593449,0.6846635904
45,4,,1,1,0,1,,,1,0.1047654585,0.0446300036,0.1642889074
26,2,3,1,1,0,3,4,1,1,0.613443333,0.3085495454,0.6281001534
45,4,4,1,1,1,1,4,0,1,0.35314402,0.5182367761,0.1377606043
25,3,,1,1,0,2,,,1,0.0318803163,0.168015821,0.9515383262
36,4,3,3,1,0,3,2,0,1,0.7630212162,0.8643459747,0.779833855
31,3,3,2,1,0,3,3,0,1,0.8477501766,0.8366181398,0.2424734208
22,3,4,2,1,1,3,3,0,1,0.4279170741,0.7431778013,0.2268268705
46,4,4,10,1,1,1,3,0,1,0.5735082382,0.1642235472,0.2671431067
26,2,3,3,1,1,3,4,0,1,0.656420755,0.2884974523,0.1592789735
25,3,2,1,1,0,3,3,0,1,0.3804075226,0.3689494083,0.4751370612
20,4,4,0,0,0,2,4,0,1,0.9178008847,0.8620197693,0.4818385213
31,3,,3,0,0,2,,,1,0.3097796251,0.3134404688,0.4222788268
36,3,3,3,0,0,2,3,1,1,0.8094190549,0.373819695,0.2831089298
47,3,2,5,1,1,4,4,0,1,0.9524644092,0.7038297265,0.8574196961
43,3,4,2,0,1,3,4,0,1,0.5689204361,0.3849454133,0.120143733
20,3,4,0,1,1,3,3,0,1,0.6332380858,0.172559673,0.5935515131
24,4,4,4,1,1,1,4,0,1,0.9968600064,0.6698713189,0.3328237088
33,2,2,3,0,0,2,4,0,1,0.7189735005,0.8853413592,0.4812313199
41,3,4,3,0,1,2,4,0,1,0.4420472823,0.2822236206,0.5192320894
48,3,4,4,0,1,2,4,0,1,0.6487871323,0.0843986045,0.2365130117
32,4,4,1,0,1,1,4,0,1,0.5447403335,0.6234007062,0.6879756249
38,3,3,4,0,0,3,2,1,1,0.781127754,0.8382471771,0.5343216474
48,3,4,8,1,1,3,3,0,1,0.854629551,0.5077236604,0.54930551
34,1,3,4,1,0,3,4,0,1,0.4413363251,0.1644589422,0.1409261539
31,1,,6,1,1,3,,,1,0.2928034027,0.273995761,0.9903073152
46,1,2,7,1,1,3,1,1,1,0.934736765,0.8541905116,0.2480183142
45,2,2,7,1,1,3,1,1,1,0.8055281703,0.090826104,0.3396386105
34,3,4,4,0,1,3,1,1,1,0.5824368757,0.5291366892,0.2201752761
16,2,,1,1,1,3,,,1,0.0832814644,0.6330070629,0.9123446852
18,3,,1,1,1,3,,,1,0.1201201138,0.9617715706,0.3327244172
22,2,2,1,1,1,3,1,1,1,0.7050980491,0.7787692192,0.1439168063
32,2,2,2,1,1,2,4,0,1,0.647089586,0.7293530147,0.4177765117
41,1,3,3,1,0,2,4,0,1,0.828633997,0.0534169842,0.8056867555
22,3,3,2,1,1,2,4,0,1,0.7586421397,0.7825520382,0.3482943584
23,3,,0,1,1,2,,,1,0.0724074669,0.272490699,0.2082356686
22,3,,0,1,0,3,,,1,0.0772356624,0.3137763503,0.9238914889
40,2,2,6,1,1,2,2,1,1,0.8000182034,0.6458019426,0.526019004
29,3,4,1,0,1,2,3,0,1,0.8918790612,0.4562058712,0.7350123859
42,4,4,0,0,0,3,4,0,1,0.8085900968,0.8160492539,0.5738134238
29,3,,2,1,1,3,,,1,0.118196108,0.9796952493,0.9099698988
31,3,,1,1,1,3,,,1,0.2321029525,0.9783632853,0.3391653627
28,4,4,3,0,0,1,4,0,1,0.6024272603,0.1281301873,0.9764911192
21,2,,0,1,1,3,,,1,0.3151744838,0.3059426021,0.0960104876
26,4,4,2,1,1,1,3,0,1,0.7302817249,0.9174039582,0.062241422
37,3,4,0,1,1,3,4,0,1,0.6512385214,0.8700392064,0.7239120522
24,3,4,2,1,1,2,2,0,1,0.8361240043,0.5814318664,0.727481326
25,4,4,0,0,1,2,4,0,1,0.9804197005,0.8730828813,0.841211026
22,2,1,0,1,1,2,2,0,1,0.4430888721,0.0035139266,0.048134354
45,4,4,1,1,1,1,4,0,1,0.4571748704,0.1961808383,0.1178756562
47,4,,1,1,1,1,,,1,0.2128336417,0.8089638501,0.1385029755
28,4,4,5,1,0,3,4,0,1,0.9095677617,0.7011682963,0.8550351494
24,2,2,4,1,1,3,4,0,1,0.8654398042,0.3420570806,0.8091290457
34,3,3,6,1,1,2,3,0,1,0.5349602055,0.7318885726,0.3728750233
47,2,3,5,1,1,1,1,0,1,0.821475692,0.9879506109,0.3282683647
31,3,4,2,1,1,1,4,0,1,0.3856996747,0.8320890152,0.4116559967
26,1,,1,1,1,3,,,1,0.1898881817,0.1809811449,0.6747943394
25,4,,3,1,1,1,,,1,0.2270150782,0.4502409354,0.8306944048
47,1,1,4,1,1,2,2,0,1,0.4564081572,0.5851185138,0.1672012346
48,1,1,8,1,1,1,1,1,1,0.8935603038,0.9017568505,0.8076365091
38,2,2,10,1,1,3,2,0,1,0.8760916329,0.3206610537,0.3066460534
32,1,3,4,1,1,2,2,1,1,0.8021122039,0.2485800801,0.5053978337
47,1,2,2,1,1,2,4,0,1,0.6258794417,0.5854915979,0.6984421218
27,4,,3,1,1,1,,,1,0.211830251,0.9372011884,0.9271230031
40,1,1,0,1,1,3,2,0,1,0.4886571451,0.5790635881,0.876339998
46,4,4,6,1,1,1,4,0,1,0.9569013552,0.8240257315,0.0940080192
33,3,,3,1,1,3,,,1,0.1100780936,0.4563283741,0.3931431884
49,1,2,5,1,0,2,2,1,1,0.9572825823,0.7957250973,0.3536485575
21,2,4,3,1,1,3,2,0,1,0.873163016,0.6799265671,0.069987841
31,4,4,0,0,0,2,4,0,1,0.9687002306,0.4422199062,0.2015946522
42,4,,4,1,1,3,,,2,0.1967449669,0.3178245967,0.9780301931
35,4,4,3,1,1,1,4,0,2,0.7633459348,0.443234862,0.8037414149
31,4,4,4,1,1,3,3,0,2,0.5314668503,0.7752012484,0.5248914722
42,4,4,6,1,1,1,3,0,2,0.6636649629,0.3240317527,0.7525171036
49,3,4,4,1,1,3,4,0,2,0.3422158204,0.8845182624,0.0473272293
21,4,,1,1,1,1,,,2,0.2394156769,0.036496066,0.8458469663
28,3,4,3,1,1,1,4,0,2,0.9129849327,0.0415824498,0.3087833157
22,4,,1,1,1,1,,,2,0.1674770914,0.3499977609,0.516731139
36,4,4,3,1,0,1,4,0,2,0.9269152274,0.1148153847,0.8445836393
45,2,,9,1,1,3,,,2,0.2700844609,0.5783275848,0.3617948696
40,4,4,4,1,1,1,4,0,2,0.3869354089,0.5179146801,0.2680649549
30,2,2,7,1,1,3,4,0,2,0.5476193035,0.2947910425,0.9461259781
35,4,4,5,1,0,1,4,0,2,0.9463217053,0.5986318894,0.2576830812
26,2,4,2,1,1,1,4,0,2,0.8098428626,0.5078661612,0.4249973215
45,4,,3,1,1,1,,,2,0.0499224477,0.5989597927,0.7955869817
27,3,,2,1,1,3,,,2,0.2704767605,0.59001218,0.39091616
32,4,,4,1,1,1,,,2,0.1723705238,0.7225026357,0.8110061022
27,4,,3,1,1,1,,,2,0.0358593557,0.9000649987,0.3598572735
28,4,,2,0,1,1,,,2,0.2722588304,0.0559938839,0.9226966407
30,4,,3,1,1,2,,,2,0.1977480562,0.5188045835,0.5420111392
34,4,4,4,1,1,2,4,0,2,0.4979305116,0.7344160116,0.5055686871
26,3,,3,1,1,2,,,2,0.3175600098,0.9857075699,0.2354678345
44,1,4,2,1,1,1,3,0,2,0.8718121182,0.5310330654,0.6331337745
29,4,,3,1,1,1,,,2,0.2621815397,0.930624654,0.5535258495
26,3,4,2,1,1,3,3,0,2,0.5575164638,0.9041637089,0.8076875959
41,4,4,8,1,1,1,4,0,2,0.749701673,0.8134777061,0.2316185037
32,3,3,4,1,0,3,3,0,2,0.9086991697,0.424192589,0.9848844302
23,3,1,1,1,0,3,3,0,2,0.7850073202,0.4210186728,0.5014693507
38,2,,4,1,1,1,,,2,0.0950732767,0.7389421764,0.7142923222
22,4,4,1,1,0,2,2,0,2,0.6717122238,0.2646147223,0.0497103525
34,3,4,3,0,1,1,4,0,2,0.5123203627,0.5181806532,0.8939579385
38,3,,7,0,1,2,,,2,0.0296038971,0.1431730143,0.4486016135
21,4,4,1,1,1,1,4,0,2,0.4555290879,0.6503218099,0.3009483653
43,1,3,4,1,1,1,4,0,2,0.7662408095,0.5111974713,0.441974832
44,3,3,9,1,1,1,1,0,2,0.6958352834,0.2963187952,0.5842999148
24,4,,1,1,1,2,,,2,0.2867590554,0.7778331725,0.559001813
27,4,4,1,1,0,3,3,0,2,0.6657670777,0.8995890398,0.5277661539
34,3,,4,1,1,3,,,2,0.0147498078,0.0351996748,0.9356762781
29,3,,2,1,1,1,,,2,0.3004752604,0.5697401294,0.9274266744
26,4,4,1,1,0,2,3,0,2,0.9443526445,0.5631124333,0.9012457393
37,4,4,7,1,1,1,4,0,2,0.336112091,0.5915268234,0.9628244657
21,3,4,3,1,1,1,4,0,2,0.5752848636,0.0478388914,0.5216601945
47,4,4,4,0,1,2,4,0,2,0.9360114908,0.195837658,0.5129436029
41,4,,3,1,0,2,,,2,0.0517053777,0.690807958,0.08122527
29,3,4,3,1,1,1,3,0,2,0.77134764,0.4956121382,0.3218825154
25,4,4,1,1,0,1,4,0,2,0.8897066717,0.4393864555,0.9913295633
33,4,,2,0,0,1,,,2,0.0507269413,0.7781994915,0.9540283251
23,4,4,1,0,1,1,4,0,2,0.5351760455,0.2875145116,0.1037326181
32,4,4,4,1,1,2,3,0,2,0.5850640845,0.6322650116,0.1039427077
45,4,,3,1,1,1,,,2,0.0379152908,0.7375730307,0.4371752029
37,4,4,4,1,1,1,4,0,2,0.368357937,0.6430133081,0.4833987311
35,2,,4,0,1,3,,,2,0.0240327302,0.8074474171,0.7554388436
37,4,4,3,1,1,3,4,0,2,0.4557191746,0.8510237391,0.2753868752
35,4,,5,1,1,2,,,2,0.2465809305,0.1134293243,0.987080303
23,4,4,1,1,1,3,3,0,2,0.4642228631,0.7386317811,0.399088592
38,2,2,8,1,1,2,2,0,2,0.6066093764,0.7767290509,0.9540603799
41,4,4,4,0,0,2,4,0,2,0.8035948876,0.2844337874,0.8094908906
35,1,2,9,1,0,3,1,0,2,0.8096158671,0.9889175645,0.2488675887
29,4,,3,1,1,3,,,2,0.0952573787,0.8006967524,0.1085572839
26,3,3,2,1,1,1,3,0,2,0.6100704845,0.0754561965,0.1584850914
22,3,,2,1,1,3,,,2,0.1282089293,0.5921603225,0.4067249402
30,2,3,5,1,1,3,1,1,2,0.3966293928,0.6287477187,0.96139111
36,4,4,3,1,1,3,3,0,2,0.8094149785,0.2114834726,0.1264921199
26,3,4,3,1,1,1,4,0,2,0.890488903,0.9280881006,0.1484530583
32,4,4,2,1,0,3,4,0,2,0.5150007068,0.1452636631,0.6908021717
39,4,4,3,0,1,2,4,0,2,0.7363326609,0.4489669592,0.2787846719
29,3,,3,1,1,1,,,2,0.0343150669,0.0560741104,0.1990384367
40,4,4,5,1,1,1,3,0,2,0.9321240084,0.249379187,0.0376298307
43,3,3,6,1,0,3,2,0,2,0.798058133,0.6826180414,0.6724147381
44,3,4,6,1,1,3,2,0,2,0.8260259567,0.7495128176,0.6538103864
24,4,,2,1,1,2,,,2,0.1717441753,0.5638243489,0.6719791115
42,4,,3,1,0,1,,,2,0.1569948365,0.7859324849,0.6156394941
33,3,4,2,1,1,1,4,0,2,0.4795958081,0.4306282496,0.7420087306
24,4,4,1,0,1,2,3,0,2,0.5975343639,0.6475431778,0.2543278706
28,3,4,2,0,1,2,3,0,2,0.4040066644,0.0885338164,0.3453039771
32,2,1,5,1,0,2,2,0,2,0.36633692,0.4087659542,0.4785126161
26,2,,4,1,1,3,,,2,0.1533500395,0.4872501956,0.4856406033
27,4,4,1,1,1,1,4,0,2,0.8607830069,0.3986586893,0.4974865091
41,3,,3,0,1,2,,,2,0.1436415017,0.5562599378,0.6395954884
28,3,4,2,0,1,3,3,0,2,0.4901248154,0.2367036618,0.5501517474
23,4,4,1,1,0,3,4,0,2,0.4051851539,0.9557261141,0.2557205126
31,2,2,4,1,1,4,3,1,2,0.5224718659,0.1283024271,0.3017420477
33,4,4,3,0,1,2,4,0,2,0.6694969491,0.1199275428,0.9857596406
35,4,4,5,1,1,1,4,0,2,0.9349879087,0.1620849414,0.2847642825
39,3,4,5,1,1,3,4,0,2,0.8490584208,0.7840410791,0.4931512766
27,4,,2,1,1,1,,,2,0.0276465928,0.8576538562,0.9219683152
48,4,4,3,0,1,1,4,0,2,0.3460541541,0.7715822928,0.539058889
25,3,1,2,1,0,3,4,0,2,0.6368524151,0.5552610739,0.7889740671
38,4,4,4,1,1,2,4,0,2,0.5111496875,0.5078725398,0.0422787443
48,4,4,7,1,0,1,4,0,2,0.3251494366,0.3923046046,0.0382313491
34,4,4,4,1,0,3,3,0,2,0.3825883672,0.7511490834,0.119629961
36,3,,4,1,1,1,,,2,0.2855897044,0.801073633,0.6396299306
34,4,,3,1,0,3,,,2,0.0616391353,0.8784680808,0.1551273401
42,4,4,4,0,0,2,4,0,2,0.5665917818,0.3687953853,0.8856175723
45,3,3,5,0,1,1,3,0,2,0.4340346909,0.174889044,0.2670964972
37,4,,4,0,1,2,,,2,0.1979195542,0.1986817854,0.5450095723
38,4,4,3,0,0,2,4,0,2,0.3917958519,0.4021230798,0.5973683305
42,3,3,4,0,1,3,4,0,2,0.5034228379,0.2424076033,0.4483732825
42,2,4,5,0,1,2,3,0,2,0.4639302415,0.2597555897,0.650173432
41,4,,6,1,1,1,,,2,0.0126628294,0.6679744542,0.8941294671
43,4,4,5,0,1,1,4,0,2,0.9170107073,0.1720266804,0.7308711557
34,4,,2,0,0,3,,,2,0.243546751,0.5678915924,0.459116277
44,2,3,1,0,1,2,4,0,2,0.8595662708,0.8157566254,0.320498685
41,4,4,4,0,1,1,4,0,2,0.8179502132,0.3883841109,0.9102356215
36,4,4,3,1,1,1,4,0,2,0.3481333718,0.5526188587,0.0820706585
34,1,2,5,1,1,3,4,0,2,0.5484316831,0.8151506781,0.5569668731
32,3,,5,1,1,3,,,3,0.2356446135,0.2121936722,0.3101556978
34,3,3,6,1,1,1,4,0,3,0.9344544741,0.7699258229,0.9172598742
24,4,,2,1,0,3,,,3,0.3138122155,0.741019185,0.0328976521
21,3,,1,0,1,3,,,3,0.1138569443,0.4096859025,0.7224262905
38,4,,9,1,1,3,,,3,0.1976837731,0.9909283556,0.7050816499
39,4,4,3,1,0,1,4,0,3,0.9519477952,0.529617721,0.0345020374
35,2,2,6,1,0,2,2,1,3,0.4872587903,0.3397918094,0.7882077795
30,2,3,7,1,1,3,3,0,3,0.9558761804,0.2182842233,0.1624211721
17,3,4,1,1,1,3,3,0,3,0.5083043112,0.4061943076,0.9242528937
32,2,,3,1,1,3,,,3,0.2850453832,0.1689946443,0.5680423149
43,4,,5,0,1,1,,,3,0.0339408671,0.3545159294,0.5482057894
31,2,2,4,1,1,3,3,0,3,0.9176422804,0.6107383709,0.2652877519
24,1,,3,1,1,3,,,3,0.1511255927,0.1348252306,0.5842577115
26,2,4,3,1,1,1,3,0,3,0.9440935109,0.6674449964,0.0823166292
35,3,,4,1,0,1,,,3,0.1071379595,0.1363544781,0.952280777
46,3,,4,1,0,3,,,3,0.269308101,0.2826688263,0.0532870195
29,2,,3,1,1,3,,,3,0.307337124,0.9083700608,0.0181954191
21,3,4,1,1,0,3,4,0,3,0.9645657115,0.5577328361,0.8720069546
31,4,4,5,1,0,1,4,0,3,0.3499471798,0.5124719257,0.9504437721
24,4,4,2,1,1,3,3,0,3,0.3990393474,0.4449255524,0.9548715143
24,2,4,3,1,1,3,3,0,3,0.734042819,0.8780490313,0.9686193159
36,4,4,4,1,1,1,3,0,3,0.7911999132,0.6760969677,0.5258459633
37,2,3,9,1,1,3,3,0,3,0.4310080388,0.549292486,0.2232209715
37,3,3,6,1,1,3,3,0,3,0.7531708962,0.4549091409,0.1720908671
37,3,3,11,1,1,1,2,0,3,0.9714954304,0.2721121005,0.3502429483
44,4,4,4,0,1,2,3,0,3,0.9683949747,0.5588993023,0.0056464463
35,2,3,6,1,1,2,3,0,3,0.5697256036,0.2050236446,0.9969566236
25,4,4,3,1,1,3,3,0,3,0.4437082822,0.2199018645,0.8652981431
21,4,4,2,1,1,2,3,0,3,0.9538786583,0.2704972421,0.9836832341
24,1,2,3,1,1,3,2,0,3,0.7729853586,0.0446495577,0.1125208759
16,2,3,1,1,1,3,1,0,3,0.5787909546,0.7308108493,0.2960168036
21,3,,1,1,1,3,,,3,0.2885937636,0.4127075637,0.9191994955
25,2,4,2,1,1,2,4,0,3,0.8307049502,0.1187643479,0.214173149
26,4,4,1,1,0,2,4,0,3,0.588436934,0.2352835002,0.513735201
43,4,,2,1,1,1,,,3,0.0624989937,0.1824467751,0.0114160227
24,4,4,1,1,1,1,4,0,3,0.94216356,0.2682397567,0.536929393
30,3,,3,0,1,3,,,3,0.0772270202,0.5934430224,0.0474177199
30,2,3,3,1,1,3,3,0,3,0.4607214911,0.4663424,0.5037763913
26,4,,2,1,1,3,,,3,0.0735450131,0.3057313907,0.0683285799
29,2,4,4,1,1,3,2,0,3,0.6812577023,0.4074180938,0.8404620638
24,3,4,4,1,1,3,1,0,3,0.6051881651,0.8346801255,0.0314091421
29,3,3,2,1,1,3,2,0,3,0.8263296233,0.3555826188,0.9369720751
29,1,,1,1,1,3,,,3,0.1984068557,0.349048631,0.2234544247
22,4,4,1,1,1,2,4,0,3,0.3330377854,0.8213475234,0.8902327832
30,3,,4,1,0,3,,,3,0.1101725521,0.7436916422,0.9489355855
24,4,4,1,1,1,2,3,0,3,0.5181241946,0.2921424309,0.5933634935
25,4,4,2,1,1,1,2,0,3,0.8450055173,0.9192415843,0.6725783184
44,4,4,5,1,0,1,4,0,3,0.5873284738,0.3340790348,0.3349992895
28,2,,3,1,1,2,,,3,0.2842839068,0.6469925389,0.2350641057
22,3,,1,1,1,3,,,3,0.13881381,0.644474834,0.5599300026
30,2,2,6,1,0,2,3,0,3,0.3772414631,0.5740123669,0.1220134833
25,3,,3,1,1,2,,,3,0.0714167278,0.6487875332,0.3371712213
25,4,4,2,1,1,3,3,0,3,0.4828971873,0.7934678764,0.9656343753
33,4,,2,1,0,1,,,3,0.1877951674,0.3289258905,0.3433152588
33,3,3,4,1,0,2,3,0,3,0.3208949949,0.7272861161,0.8215245888
26,3,3,2,1,0,2,2,0,3,0.9825947778,0.4938553099,0.9369605868
29,3,4,5,1,1,3,3,0,3,0.9868467753,0.2903448023,0.1579988944
32,3,3,4,1,1,2,1,0,3,0.7090577016,0.9641489945,0.8487370507
30,4,,1,1,0,3,,,3,0.2709917823,0.3771979638,0.4805150076
37,4,,1,0,1,1,,,3,0.2547296501,0.8836876973,0.1837283323
31,1,2,4,1,1,3,3,0,3,0.7539624589,0.4085474505,0.9369872948
36,1,2,4,1,1,3,1,1,3,0.5150389203,0.728630972,0.081074649
36,2,2,7,1,0,2,2,1,3,0.5183632711,0.4800024915,0.7511320788
26,3,4,2,1,0,2,4,0,3,0.8414677683,0.5559602727,0.4168881683
36,4,,3,1,1,1,,,3,0.1792967167,0.9003032073,0.7774871857
28,4,,1,1,1,2,,,3,0.184661442,0.7799495844,0.0403403472
33,4,,5,1,1,3,,,3,0.0748527642,0.3777928885,0.9950565612
25,3,4,2,1,0,2,4,0,3,0.8670470723,0.8187286951,0.5584735486
31,4,4,2,0,1,1,4,0,3,0.9130206937,0.4270945058,0.2417904587
38,4,,4,1,0,1,,,3,0.0748875291,0.1283680951,0.9083009264
35,1,2,5,1,1,3,3,0,3,0.5502667849,0.7433965689,0.6421292809
33,4,,3,0,0,2,,,3,0.2521211315,0.6232243234,0.7507409895
30,2,2,2,1,1,3,2,0,3,0.5475021408,0.7874109595,0.7748245796
20,3,,2,1,1,2,,,3,0.1517880946,0.6024619334,0.441079139
18,3,3,1,1,1,2,2,0,3,0.7822585012,0.2330058968,0.1290773368
30,3,2,3,1,1,3,3,0,3,0.6239583803,0.1217442616,0.1466366654
35,2,3,6,1,0,3,2,0,3,0.8279225574,0.3144299701,0.4154714055
22,3,,2,1,1,3,,,3,0.1846773015,0.2351525846,0.3218179929
28,2,,7,1,1,3,,,3,0.2910695552,0.9768571216,0.935653517
21,3,3,1,1,1,3,1,0,3,0.5150249272,0.6034078186,0.9151693331
27,3,4,4,1,1,3,4,0,3,0.7979652862,0.5507089275,0.5936672094
30,3,,3,1,1,3,,,3,0.0571077196,0.0318071321,0.0806174442
25,3,4,2,1,1,3,3,0,3,0.8688091658,0.5754276018,0.2544413122
26,4,4,3,1,1,3,2,0,3,0.8754912991,0.2809084469,0.1438076278
37,2,4,5,1,1,1,4,0,3,0.5079316723,0.6991701702,0.010795109
47,1,3,9,1,0,3,3,0,3,0.4816376667,0.0346131302,0.0075412425
36,1,1,5,1,1,3,3,0,3,0.4046846956,0.8729115156,0.6907036536
36,2,3,6,1,1,2,4,0,3,0.9452856839,0.6597515157,0.0496425727
36,4,,3,1,1,2,,,3,0.1005073409,0.2850853397,0.0672607972
28,4,,4,1,1,3,,,3,0.0003774744,0.3583491698,0.3146811059
21,4,4,2,1,1,3,3,0,3,0.5790021483,0.7299151037,0.4816696315
25,4,4,2,1,1,2,3,0,3,0.6052559966,0.7773383976,0.9443518929
30,3,,3,1,1,3,,,3,0.0335247405,0.1780586784,0.0196820628
22,3,3,3,1,1,3,3,0,3,0.9221131857,0.4962637902,0.1616423638
23,4,3,2,1,0,2,3,0,3,0.6794534282,0.3712195639,0.5684531911
36,3,4,9,1,1,3,4,0,3,0.7574233742,0.1327706897,0.5246837267
28,4,,2,1,1,3,,,3,0.312390241,0.6453183213,0.1348414622
46,2,2,5,1,1,2,4,0,3,0.8245539995,0.3264549618,0.3432823528
47,4,4,5,1,1,3,2,0,3,0.9408985181,0.4081946301,0.2369347849
41,1,4,5,1,0,2,4,0,3,0.577319247,0.4476904182,0.9530403591
44,4,4,5,1,1,3,4,0,3,0.3635761702,0.2947517667,0.4631369051
34,2,3,3,0,1,3,2,1,3,0.7836888278,0.8173590893,0.5383374451
37,2,,6,1,1,3,,,3,0.1620153436,0.7790786753,0.3896172053
34,4,,2,0,1,1,,,3,0.043252965,0.7716133039,0.3063587599
22,2,4,2,1,1,3,2,0,3,0.6649599167,0.2547494002,0.7011615609
33,2,3,4,1,1,2,3,0,3,0.5564252429,0.5022566265,0.2832938043
21,3,4,3,1,1,3,1,0,3,0.8671223199,0.4752739535,0.1043017591
31,4,4,4,1,0,3,4,0,3,0.7221145899,0.4323968317,0.7671555382
41,4,3,5,1,0,3,4,0,3,0.50966601,0.7618948323,0.5688664879
30,4,3,4,1,1,3,3,0,3,0.9163438165,0.4321694045,0.7879047165
32,2,,5,1,1,3,,,3,0.0612968686,0.1700980184,0.3080591836
27,4,4,2,0,0,2,4,0,3,0.9037244371,0.2516599084,0.9316552234
26,4,4,1,0,0,2,4,0,3,0.9506387464,0.9668741291,0.4705235364
42,4,4,5,0,1,2,4,0,3,0.9911283492,0.9844565438,0.5638117825
24,4,,1,1,1,1,,,3,0.272069893,0.3429142755,0.1272083577
37,4,4,6,1,1,1,4,0,3,0.4837953637,0.1124295197,0.5120678411
30,2,3,5,1,0,3,4,0,3,0.9060421199,0.3647023585,0.9059519283
27,4,4,1,1,1,1,4,0,3,0.8893663701,0.2730610423,0.9186414545
34,2,4,6,1,1,3,3,0,3,0.6464312936,0.3233475035,0.1629445703
32,3,4,5,0,1,1,4,0,3,0.4021960545,0.4516102874,0.0462299553
28,4,4,1,0,0,2,4,0,3,0.5090634774,0.3288875256,0.6471127577
29,3,3,1,0,0,2,4,0,3,0.651789931,0.0023560268,0.4859293092
42,4,4,3,0,1,2,4,0,3,0.9894095645,0.671563939,0.9688431509
21,2,2,0,0,1,4,4,0,3,0.9691871274,0.8601135765,0.8729456039
22,4,4,2,1,1,3,4,0,3,0.6906649087,0.3196262081,0.3982544804
36,4,,3,0,1,3,,,3,0.0680787145,0.0956174341,0.2641965878
45,2,,3,0,0,2,,,3,0.3146520286,0.9612547485,0.4802437012
34,4,,2,0,0,2,,,3,0.2525244943,0.9756427514,0.1475687191
35,2,3,5,1,1,3,3,0,3,0.3588013264,0.7850157701,0.7518106642
19,4,4,1,1,1,2,3,0,3,0.7313035558,0.306931574,0.7867611785
27,4,,4,1,1,3,,,3,0.1146702762,0.1785008242,0.1646906921
37,2,,4,1,0,2,,,3,0.127712634,0.0747199334,0.4348260022
26,3,,4,1,1,3,,,3,0.2487396497,0.1840864733,0.8363377558
28,1,3,5,1,1,3,4,0,3,0.5799321535,0.6104492255,0.5319952823
31,3,,5,1,1,1,,,3,0.1144727683,0.2293236406,0.8863908504
32,2,2,6,1,1,2,3,0,3,0.647406367,0.436276715,0.3094370828
40,2,,4,0,0,2,,,3,0.1072290717,0.2826910048,0.4505625053
27,3,3,5,1,1,2,4,0,3,0.6926861553,0.7404204843,0.6568774114
27,2,,3,1,1,2,,,3,0.0521443072,0.2993468262,0.884065716
37,4,4,5,0,0,2,4,0,3,0.763321624,0.102352161,0.3821634172
22,4,3,1,1,1,2,2,0,3,0.9039188437,0.3501220771,0.4191088287
27,4,4,4,1,1,1,2,1,3,0.6010664583,0.01033914,0.7227438692
21,4,4,1,0,1,2,4,0,3,0.7454895786,0.644558837,0.8827130556
30,1,3,2,1,1,3,4,0,3,0.5311013458,0.879709355,0.3406461782
23,2,2,1,1,1,2,4,0,3,0.5684508414,0.436296052,0.0651115142
25,2,,3,1,1,1,,,3,0.0112351999,0.3868256711,0.2387104101
42,2,,6,1,1,2,,,3,0.1613346134,0.9516462874,0.4100216149
29,4,,3,1,1,1,,,3,0.0826261072,0.0460791402,0.1266874928
33,4,4,2,1,0,2,4,0,3,0.7862834524,0.3496266819,0.4343159056
33,4,4,3,1,1,1,4,0,3,0.8106548739,0.7228330675,0.6956641365
39,3,,8,1,0,1,,,3,0.0782192392,0.0281930827,0.8604205064
33,3,3,4,1,0,2,2,0,3,0.6967047181,0.3555458804,0.3150259626
17,3,,1,1,1,2,,,3,0.049185561,0.2104197118,0.9673274453
